R_gds_inst (Vctrl=0) X,R_gds_inst (Vctrl=0) Y,R_gds_inst (Vctrl=0.1) X,R_gds_inst (Vctrl=0.1) Y,R_gds_inst (Vctrl=0.2) X,R_gds_inst (Vctrl=0.2) Y,R_gds_inst (Vctrl=0.3) X,R_gds_inst (Vctrl=0.3) Y,R_gds_inst (Vctrl=0.4) X,R_gds_inst (Vctrl=0.4) Y,R_gds_inst (Vctrl=0.5) X,R_gds_inst (Vctrl=0.5) Y,R_gds_inst (Vctrl=0.05) X,R_gds_inst (Vctrl=0.05) Y,R_gds_inst (Vctrl=0.15) X,R_gds_inst (Vctrl=0.15) Y,R_gds_inst (Vctrl=0.25) X,R_gds_inst (Vctrl=0.25) Y,R_gds_inst (Vctrl=0.35) X,R_gds_inst (Vctrl=0.35) Y,R_gds_inst (Vctrl=0.45) X,R_gds_inst (Vctrl=0.45) Y
-0.199,178515.5975,-0.199,158678.7383,-0.199,135099.5757,-0.199,106869.3051,-0.199,73198.90634,-0.199,33655.5976,-0.199,169011.7075,-0.199,147412.4689,-0.199,121622.5743,-0.199,90747.41937,-0.199,54192.20693
-0.198,178733.2608,-0.198,158859.3351,-0.198,135235.5858,-0.198,106951.508,-0.198,73224.43659,-0.198,33710.74547,-0.198,169211.6543,-0.198,147571.8406,-0.198,121732.8606,-0.198,90800.05504,-0.198,54207.19455
-0.197,178888.2486,-0.197,158998.7742,-0.197,135358.415,-0.197,107058.2625,-0.197,73320.91628,-0.197,33819.83642,-0.197,169359.04,-0.197,147703.0517,-0.197,121847.3934,-0.197,90900.32496,-0.197,54305.15353
-0.196,179041.7383,-0.196,159136.8822,-0.196,135480.1132,-0.196,107164.1275,-0.196,73416.79167,-0.196,33928.61151,-0.196,169505.0073,-0.196,147833.027,-0.196,121960.9102,-0.196,90999.84294,-0.196,54402.65992
-0.195,179193.6848,-0.195,159273.6188,-0.195,135600.6459,-0.195,107269.0752,-0.195,73512.043,-0.195,34037.06071,-0.195,169649.5137,-0.195,147961.7292,-0.195,122073.38,-0.195,91098.58519,-0.195,54499.69833
-0.194,179344.0433,-0.194,159408.9444,-0.194,135719.9793,-0.194,107373.0783,-0.194,73606.6507,-0.194,34145.17391,-0.194,169792.5166,-0.194,148089.1212,-0.194,122184.7719,-0.194,91196.52813,-0.194,54596.2534
-0.193,179492.7695,-0.193,159542.8192,-0.193,135838.0793,-0.193,107476.1097,-0.193,73700.59519,-0.193,34252.94086,-0.193,169933.9741,-0.193,148215.1662,-0.193,122295.0553,-0.193,91293.64825,-0.193,54692.30976
-0.192,179639.8191,-0.192,159675.2041,-0.192,135954.9122,-0.192,107578.1422,-0.192,73793.85696,-0.192,34360.35117,-0.192,170073.8443,-0.192,148339.8276,-0.192,122404.1996,-0.192,91389.92214,-0.192,54787.85202
-0.191,179785.1485,-0.191,159806.0598,-0.191,136070.4448,-0.191,107679.149,-0.191,73886.41655,-0.191,34467.39435,-0.191,170212.0857,-0.191,148463.0689,-0.191,122512.1746,-0.191,91485.3265,-0.191,54882.86477
-0.19,179928.714,-0.19,159935.3478,-0.19,136184.6437,-0.19,107779.1033,-0.19,73978.25459,-0.19,34574.05983,-0.19,170348.6571,-0.19,148584.8542,-0.19,122618.9502,-0.19,91579.83821,-0.19,54977.33264
-0.189,180070.4727,-0.189,160063.0297,-0.189,136297.4761,-0.189,107877.9786,-0.189,74069.35184,-0.189,34680.3369,-0.189,170483.5177,-0.189,148705.1478,-0.189,122724.4966,-0.189,91673.43428,-0.189,55071.24027
-0.188,180210.382,-0.188,160189.0675,-0.188,136408.9095,-0.188,107975.7487,-0.188,74159.68915,-0.188,34786.21479,-0.188,170616.6272,-0.188,148823.9143,-0.188,122828.7843,-0.188,91766.09195,-0.188,55164.57234
-0.187,180348.3999,-0.187,160313.4239,-0.187,136518.9118,-0.187,108072.3877,-0.187,74249.24755,-0.187,34891.68266,-0.187,170747.9459,-0.187,148941.1189,-0.187,122931.7842,-0.187,91857.78868,-0.187,55257.31359
-0.186,180484.4851,-0.186,160436.0619,-0.186,136627.4512,-0.186,108167.8699,-0.186,74338.00823,-0.186,34996.7296,-0.186,170877.4343,-0.186,149056.7271,-0.186,123033.4675,-0.186,91948.50216,-0.186,55349.44885
-0.185,180618.5967,-0.185,160556.9451,-0.185,136734.4967,-0.185,108262.1701,-0.185,74425.95258,-0.185,35101.34464,-0.185,171005.054,-0.185,149170.7051,-0.185,123133.8059,-0.185,92038.21039,-0.185,55440.96303
-0.184,180750.6946,-0.184,160676.0378,-0.184,136840.0175,-0.184,108355.2634,-0.184,74513.0622,-0.184,35205.51679,-0.184,171130.7668,-0.184,149283.0196,-0.184,123232.7715,-0.184,92126.89166,-0.184,55531.84114
-0.183,180880.7395,-0.183,160793.305,-0.183,136943.9833,-0.183,108447.1253,-0.183,74599.31893,-0.183,35309.235,-0.183,171254.5356,-0.183,149393.6377,-0.183,123330.337,-0.183,92214.52459,-0.183,55622.06834
-0.182,181008.6928,-0.182,160908.7121,-0.182,137046.3648,-0.182,108537.7318,-0.182,74684.70486,-0.182,35412.48824,-0.182,171376.3236,-0.182,149502.5276,-0.182,123426.4753,-0.182,92301.08818,-0.182,55711.62989
-0.181,181134.5168,-0.181,161022.2257,-0.181,137147.133,-0.181,108627.0594,-0.181,74769.20238,-0.181,35515.26543,-0.181,171496.0953,-0.181,149609.6578,-0.181,123521.1603,-0.181,92386.56181,-0.181,55800.51124
-0.18,181258.1748,-0.18,161133.8128,-0.18,137246.2595,-0.18,108715.0851,-0.18,74852.79417,-0.18,35617.55554,-0.18,171613.8157,-0.18,149714.9977,-0.18,123614.3662,-0.18,92470.92526,-0.18,55888.69801
-0.179,181379.6309,-0.179,161243.4415,-0.179,137343.7169,-0.179,108801.7863,-0.179,74935.46324,-0.179,35719.34752,-0.179,171729.4509,-0.179,149818.5174,-0.179,123706.0679,-0.179,92554.15877,-0.179,55976.17601
-0.178,181498.8502,-0.178,161351.0808,-0.178,137439.4784,-0.178,108887.1412,-0.178,75017.19296,-0.178,35820.63036,-0.178,171842.9677,-0.178,149920.1881,-0.178,123796.241,-0.178,92636.24305,-0.178,56062.93124
-0.177,181615.7991,-0.177,161456.7003,-0.177,137533.5181,-0.177,108971.1284,-0.177,75097.96706,-0.177,35921.39311,-0.177,171954.3343,-0.177,150019.9814,-0.177,123884.8618,-0.177,92717.15929,-0.177,56148.94996
-0.176,181730.4447,-0.176,161560.271,-0.176,137625.8106,-0.176,109053.7274,-0.176,75177.76964,-0.176,36021.62484,-0.176,172063.5196,-0.176,150117.8702,-0.176,123971.9074,-0.176,92796.88922,-0.176,56234.21864
-0.175,181842.7556,-0.175,161661.7648,-0.175,137716.3317,-0.175,109134.9181,-0.175,75256.58526,-0.175,36121.31472,-0.175,172170.4936,-0.175,150213.8281,-0.175,124057.3555,-0.175,92875.4151,-0.175,56318.72402
-0.174,181952.7016,-0.174,161761.1544,-0.174,137805.0581,-0.174,109214.6811,-0.174,75334.39888,-0.174,36220.45198,-0.174,172275.2278,-0.174,150307.83,-0.174,124141.1847,-0.174,92952.71978,-0.174,56402.45313
-0.173,182060.2535,-0.173,161858.414,-0.173,137891.9672,-0.173,109292.998,-0.173,75411.19591,-0.173,36319.02593,-0.173,172377.6944,-0.173,150399.8514,-0.173,124223.3745,-0.173,93028.78668,-0.173,56485.39326
-0.172,182165.3835,-0.172,161953.5188,-0.172,137977.0375,-0.172,109369.8509,-0.172,75486.96227,-0.172,36417.02601,-0.172,172477.8671,-0.172,150489.8692,-0.172,124303.9051,-0.172,93103.59987,-0.172,56567.53204
-0.171,182268.0652,-0.171,162046.445,-0.171,138060.2485,-0.171,109445.2227,-0.171,75561.68432,-0.171,36514.44175,-0.171,172575.7209,-0.171,150577.8613,-0.171,124382.7578,-0.171,93177.14404,-0.171,56648.85739
-0.17,182368.2736,-0.17,162137.1702,-0.17,138141.5809,-0.17,109519.0971,-0.17,75635.34897,-0.17,36611.26281,-0.17,172671.232,-0.17,150663.8066,-0.17,124459.9147,-0.17,93249.40456,-0.17,56729.3576
-0.169,182465.9849,-0.169,162225.6733,-0.169,138221.016,-0.169,109591.4588,-0.169,75707.94365,-0.169,36707.47901,-0.169,172764.3779,-0.169,150747.6854,-0.169,124535.3588,-0.169,93320.36747,-0.169,56809.0213
-0.168,182561.1771,-0.168,162311.9344,-0.168,138298.5367,-0.168,109662.2932,-0.168,75779.45634,-0.168,36803.08028,-0.168,172855.1375,-0.168,150829.479,-0.168,124609.0741,-0.168,93390.01953,-0.168,56887.83747
-0.167,182653.8293,-0.167,162395.9349,-0.167,138374.1268,-0.167,109731.5864,-0.167,75849.87557,-0.167,36898.05675,-0.167,172943.4912,-0.167,150909.17,-0.167,124681.0458,-0.167,93458.34821,-0.167,56965.79549
-0.166,182743.9225,-0.166,162477.6576,-0.166,138447.7711,-0.166,109799.3258,-0.166,75919.19046,-0.166,36992.3987,-0.166,173029.4207,-0.166,150986.7423,-0.166,124751.2599,-0.166,93525.34174,-0.166,57042.88513
-0.165,182831.4389,-0.165,162557.0866,-0.165,138519.4558,-0.165,109865.4994,-0.165,75987.39073,-0.165,37086.0966,-0.165,173112.9092,-0.165,151062.1809,-0.165,124819.7034,-0.165,93590.98911,-0.165,57119.09657
-0.164,182916.3625,-0.164,162634.2076,-0.164,138589.1682,-0.164,109930.0962,-0.164,76054.46669,-0.164,37179.14112,-0.164,173193.9416,-0.164,151135.4723,-0.164,124886.3646,-0.164,93655.28006,-0.164,57194.4204
-0.163,182998.6787,-0.163,162709.0074,-0.163,138656.8968,-0.163,109993.1062,-0.163,76120.40928,-0.163,37271.52312,-0.163,173272.504,-0.163,151206.6043,-0.163,124951.2328,-0.163,93718.20516,-0.163,57268.84765
-0.162,183078.3749,-0.162,162781.4745,-0.162,138722.6313,-0.162,110054.5203,-0.162,76185.21007,-0.162,37363.23368,-0.162,173348.5842,-0.162,151275.5658,-0.162,125014.2982,-0.162,93779.75575,-0.162,57342.36977
-0.161,183155.4398,-0.161,162851.5988,-0.161,138786.3626,-0.161,110114.3303,-0.161,76248.86128,-0.161,37454.26411,-0.161,173422.1716,-0.161,151342.3473,-0.161,125075.5523,-0.161,93839.92401,-0.161,57414.97869
-0.16,183229.8637,-0.16,162919.3716,-0.16,138848.0831,-0.16,110172.5292,-0.16,76311.35578,-0.16,37544.60596,-0.16,173493.257,-0.16,151406.9407,-0.16,125134.9878,-0.16,93898.70292,-0.16,57486.66679
-0.159,183301.639,-0.159,162984.7859,-0.159,138907.7861,-0.159,110229.1108,-0.159,76372.68711,-0.159,37634.25101,-0.159,173561.833,-0.159,151469.339,-0.159,125192.5983,-0.159,93956.08633,-0.159,57557.42692
-0.158,183370.7594,-0.158,163047.8358,-0.158,138965.4665,-0.158,110284.07,-0.158,76432.84945,-0.158,37723.19129,-0.158,173627.8937,-0.158,151529.5369,-0.158,125248.3788,-0.158,94012.06889,-0.158,57627.25239
-0.157,183437.2204,-0.157,163108.5174,-0.157,139021.1202,-0.157,110337.4026,-0.157,76491.83769,-0.157,37811.41909,-0.157,173691.4346,-0.157,151587.5304,-0.157,125302.3251,-0.157,94066.64616,-0.157,57696.13701
-0.156,183501.0193,-0.156,163166.8279,-0.156,139074.7447,-0.156,110389.1056,-0.156,76549.64739,-0.156,37898.92699,-0.156,173752.4533,-0.156,151643.3168,-0.156,125354.4346,-0.156,94119.8145,-0.156,57764.07509
-0.155,183562.155,-0.155,163222.7662,-0.155,139126.3385,-0.155,110439.1767,-0.155,76606.2748,-0.155,37985.70781,-0.155,173810.9485,-0.155,151696.8949,-0.155,125404.7056,-0.155,94171.57115,-0.155,57831.06143
-0.154,183620.6281,-0.154,163276.3328,-0.154,139175.9014,-0.154,110487.6151,-0.154,76661.71684,-0.154,38071.75468,-0.154,173866.9209,-0.154,151748.265,-0.154,125453.1375,-0.154,94221.9142,-0.154,57897.0913
-0.153,183676.4409,-0.153,163327.5295,-0.153,139223.4348,-0.153,110534.4205,-0.153,76715.97116,-0.153,38157.061,-0.153,173920.3725,-0.153,151797.4285,-0.153,125499.731,-0.153,94270.84263,-0.153,57962.16053
-0.152,183729.5977,-0.152,163376.3598,-0.152,139268.9411,-0.152,110579.5939,-0.152,76769.03606,-0.152,38241.62046,-0.152,173971.3072,-0.152,151844.3885,-0.152,125544.4879,-0.152,94318.35626,-0.152,58026.2654
-0.151,183780.1039,-0.151,163422.8286,-0.151,139312.424,-0.151,110623.1374,-0.151,76820.91054,-0.151,38325.42707,-0.151,174019.7302,-0.151,151889.1494,-0.151,125587.4112,-0.151,94364.45575,-0.151,58089.40274
-0.15,183827.9671,-0.15,163466.9422,-0.15,139353.8886,-0.15,110665.0538,-0.15,76871.59433,-0.15,38408.47513,-0.15,174065.6486,-0.15,151931.717,-0.15,125628.5049,-0.15,94409.14265,-0.15,58151.56987
-0.149,183873.1962,-0.149,163508.7086,-0.149,139393.3411,-0.149,110705.3471,-0.149,76921.08779,-0.149,38490.75923,-0.149,174109.0709,-0.149,151972.0984,-0.149,125667.7743,-0.149,94452.41933,-0.149,58212.76463
-0.148,183915.8021,-0.148,163548.1371,-0.148,139430.789,-0.148,110744.0222,-0.148,76969.39199,-0.148,38572.2743,-0.148,174150.007,-0.148,152010.3022,-0.148,125705.2259,-0.148,94494.28902,-0.148,58272.98535
-0.147,183955.7969,-0.147,163585.2386,-0.147,139466.2412,-0.147,110781.0852,-0.147,77016.50869,-0.147,38653.01556,-0.147,174188.4687,-0.147,152046.3381,-0.147,125740.8669,-0.147,94534.75578,-0.147,58332.23091
-0.146,183993.1948,-0.146,163620.0252,-0.146,139499.7076,-0.146,110816.5428,-0.146,77062.4403,-0.146,38732.97856,-0.146,174224.469,-0.146,152080.2174,-0.146,125774.706,-0.146,94573.82448,-0.146,58390.50064
-0.145,184028.0111,-0.145,163652.5105,-0.145,139531.1993,-0.145,110850.403,-0.145,77107.18991,-0.145,38812.15917,-0.145,174258.0226,-0.145,152111.9525,-0.145,125806.7529,-0.145,94611.50082,-0.145,58447.79443
-0.144,184060.2629,-0.144,163682.7096,-0.144,139560.7288,-0.144,110882.6745,-0.144,77150.76125,-0.144,38890.55357,-0.144,174289.1456,-0.144,152141.5573,-0.144,125837.0182,-0.144,94647.79131,-0.144,58504.11261
-0.143,184089.9689,-0.143,163710.6387,-0.143,139588.3095,-0.143,110913.367,-0.143,77193.1587,-0.143,38968.15826,-0.143,174317.8555,-0.143,152169.0467,-0.143,125865.5137,-0.143,94682.70323,-0.143,58559.45606
-0.142,184117.149,-0.142,163736.3157,-0.142,139613.956,-0.142,110942.4912,-0.142,77234.3873,-0.142,39044.97007,-0.142,174344.1712,-0.142,152194.4369,-0.142,125892.2522,-0.142,94716.24464,-0.142,58613.82611
-0.141,184141.8248,-0.141,163759.7594,-0.141,139637.6842,-0.141,110970.0585,-0.141,77274.45269,-0.141,39120.98613,-0.141,174368.1131,-0.141,152217.7456,-0.141,125917.2475,-0.141,94748.42436,-0.141,58667.22458
-0.14,184164.0193,-0.14,163780.9901,-0.14,139659.5107,-0.14,110996.0812,-0.14,77313.36113,-0.14,39196.2039,-0.14,174389.7028,-0.14,152238.9912,-0.14,125940.5142,-0.14,94779.25196,-0.14,58719.65378
-0.139,184183.7567,-0.139,163800.0293,-0.139,139679.4536,-0.139,111020.5727,-0.139,77351.11949,-0.139,39270.62118,-0.139,174408.9633,-0.139,152258.1935,-0.139,125962.0681,-0.139,94808.73772,-0.139,58771.11648
-0.138,184201.0628,-0.138,163816.8997,-0.138,139697.5317,-0.138,111043.5468,-0.138,77387.73521,-0.138,39344.23605,-0.138,174425.9188,-0.138,152275.3736,-0.138,125981.9259,-0.138,94836.89265,-0.138,58821.6159
-0.137,184215.9644,-0.137,163831.6249,-0.137,139713.7648,-0.137,111065.0185,-0.137,77423.21632,-0.137,39417.04693,-0.137,174440.5949,-0.137,152290.5532,-0.137,126000.105,-0.137,94863.72841,-0.137,58871.15572
-0.136,184228.4899,-0.136,163844.2301,-0.136,139728.1739,-0.136,111085.0032,-0.136,77457.57139,-0.136,39489.05253,-0.136,174453.0181,-0.136,152303.7556,-0.136,126016.6239,-0.136,94889.25738,-0.136,58919.74007
-0.135,184238.6687,-0.135,163854.7412,-0.135,139740.7807,-0.135,111103.5175,-0.135,77490.80955,-0.135,39560.25188,-0.135,174463.2163,-0.135,152315.0046,-0.135,126031.5017,-0.135,94913.49255,-0.135,58967.37349
-0.134,184246.5314,-0.134,163863.1853,-0.134,139751.6079,-0.134,111120.5781,-0.134,77522.94044,-0.134,39630.64432,-0.134,174471.2185,-0.134,152324.3252,-0.134,126044.7586,-0.134,94936.44753,-0.134,59014.06096
-0.133,184252.1096,-0.133,163869.5904,-0.133,139760.6789,-0.133,111136.2031,-0.133,77553.97422,-0.133,39700.22947,-0.133,174477.0546,-0.133,152331.7435,-0.133,126056.4153,-0.133,94958.13657,-0.133,59059.80785
-0.132,184255.4364,-0.132,163873.9857,-0.132,139768.0183,-0.132,111150.4107,-0.132,77583.92154,-0.132,39769.00728,-0.132,174480.7557,-0.132,152337.2862,-0.132,126066.4934,-0.132,94978.57446,-0.132,59104.61995
-0.131,184256.5453,-0.131,163876.4009,-0.131,139773.6511,-0.131,111163.22,-0.131,77612.79351,-0.131,39836.97795,-0.131,174482.3537,-0.131,152340.981,-0.131,126075.0152,-0.131,94997.77658,-0.131,59148.50343
-0.13,184255.4715,-0.13,163876.8671,-0.13,139777.6032,-0.13,111174.6507,-0.13,77640.60172,-0.13,39904.142,-0.13,174481.8816,-0.13,152342.8564,-0.13,126082.0038,-0.13,95015.75882,-0.13,59191.46483
-0.129,184252.2504,-0.129,163875.4158,-0.129,139779.9012,-0.129,111184.723,-0.129,77667.35818,-0.129,39970.50021,-0.129,174479.3732,-0.129,152342.9417,-0.129,126087.4826,-0.129,95032.5376,-0.129,59233.51106
-0.128,184246.9189,-0.128,163872.0794,-0.128,139780.5724,-0.128,111193.4578,-0.128,77693.07531,-0.128,40036.05364,-0.128,174474.8631,-0.128,152341.2669,-0.128,126091.476,-0.128,95048.12983,-0.128,59274.64936
-0.127,184239.5145,-0.127,163866.8913,-0.127,139779.6448,-0.127,111200.8763,-0.127,77717.76595,-0.127,40100.80363,-0.127,174468.3868,-0.127,152337.8627,-0.127,126094.0088,-0.127,95062.55286,-0.127,59314.88733
-0.126,184230.0752,-0.126,163859.8852,-0.126,139777.1469,-0.126,111207.0005,-0.126,77741.44331,-0.126,40164.75177,-0.126,174459.9804,-0.126,152332.7605,-0.126,126095.1064,-0.126,95075.82449,-0.126,59354.23289
-0.125,184218.6403,-0.125,163851.0958,-0.125,139773.1079,-0.125,111211.8525,-0.125,77764.12098,-0.125,40227.89991,-0.125,174449.6809,-0.125,152325.9922,-0.125,126094.7946,-0.125,95087.96295,-0.125,59392.69427
-0.124,184205.2494,-0.124,163840.5581,-0.124,139767.5572,-0.124,111215.4552,-0.124,77785.81285,-0.124,40290.25014,-0.124,174437.5258,-0.124,152317.5904,-0.124,126093.1,-0.124,95098.98684,-0.124,59430.27998
-0.123,184189.9427,-0.123,163828.3081,-0.123,139760.5252,-0.123,111217.8317,-0.123,77806.53319,-0.123,40351.80482,-0.123,174423.5533,-0.123,152307.5882,-0.123,126090.0492,-0.123,95108.91514,-0.123,59466.99883
-0.122,184172.7614,-0.122,163814.3818,-0.122,139752.0424,-0.122,111219.0054,-0.122,77826.29653,-0.122,40412.56652,-0.122,174407.802,-0.122,152296.0192,-0.122,126085.6696,-0.122,95117.76716,-0.122,59502.85991
-0.121,184153.7467,-0.121,163798.8162,-0.121,139742.1398,-0.121,111219.0004,-0.121,77845.11771,-0.121,40472.53805,-0.121,174390.3113,-0.121,152282.9175,-0.121,126079.9889,-0.121,95125.56256,-0.121,59537.87255
-0.12,184132.9408,-0.12,163781.6485,-0.12,139730.8489,-0.12,111217.8408,-0.12,77863.01183,-0.12,40531.72244,-0.12,174371.1207,-0.12,152268.3174,-0.12,126073.0351,-0.12,95132.32124,-0.12,59572.04633
-0.119,184110.3861,-0.119,163762.9161,-0.119,139718.2014,-0.119,111215.5511,-0.119,77879.99424,-0.119,40590.12293,-0.119,174350.2705,-0.119,152252.2539,-0.119,126064.8364,-0.119,95138.06343,-0.119,59605.39106
-0.118,184086.1253,-0.118,163742.6572,-0.118,139704.2293,-0.118,111212.1561,-0.118,77896.08052,-0.118,40647.74298,-0.118,174327.8012,-0.118,152234.7621,-0.118,126055.4216,-0.118,95142.80958,-0.118,59637.91676
-0.117,184060.2018,-0.117,163720.9101,-0.117,139688.9652,-0.117,111207.6808,-0.117,77911.28646,-0.117,40704.58623,-0.117,174303.7537,-0.117,152215.8775,-0.117,126044.8195,-0.117,95146.58037,-0.117,59669.63368
-0.116,184032.6589,-0.116,163697.7132,-0.116,139672.4415,-0.116,111202.1505,-0.116,77925.62806,-0.116,40760.65654,-0.116,174278.169,-0.116,152195.6359,-0.116,126033.0593,-0.116,95149.39669,-0.116,59700.55224
-0.115,184003.5406,-0.115,163673.1056,-0.115,139654.6913,-0.115,111195.5906,-0.115,77939.12148,-0.115,40815.95792,-0.115,174251.0888,-0.115,152174.0733,-0.115,126020.1704,-0.115,95151.27962,-0.115,59730.68303
-0.114,183972.8908,-0.114,163647.1263,-0.114,139635.7474,-0.114,111188.0268,-0.114,77951.78304,-0.114,40870.49459,-0.114,174222.5546,-0.114,152151.226,-0.114,126006.1822,-0.114,95152.25038,-0.114,59760.03683
-0.113,183940.7539,-0.113,163619.8145,-0.113,139615.6431,-0.113,111179.4847,-0.113,77963.62923,-0.113,40924.27092,-0.113,174192.6082,-0.113,152127.1301,-0.113,125991.1245,-0.113,95152.33036,-0.113,59788.62456
-0.112,183907.1741,-0.112,163591.2095,-0.112,139594.4117,-0.112,111169.9903,-0.112,77974.67663,-0.112,40977.29144,-0.112,174161.2918,-0.112,152101.8224,-0.112,125975.027,-0.112,95151.54105,-0.112,59816.45728
-0.111,183872.196,-0.111,163561.351,-0.111,139572.0866,-0.111,111159.5695,-0.111,77984.94197,-0.111,41029.56086,-0.111,174128.6473,-0.111,152075.3393,-0.111,125957.9196,-0.111,95149.90405,-0.111,59843.54618
-0.11,183835.8642,-0.11,163530.2784,-0.11,139548.7015,-0.11,111148.2484,-0.11,77994.44204,-0.11,41081.084,-0.11,174094.717,-0.11,152047.7176,-0.11,125939.8324,-0.11,95147.44105,-0.11,59869.90259
-0.109,183798.2234,-0.109,163498.0313,-0.109,139524.2897,-0.109,111136.0531,-0.109,78003.19373,-0.109,41131.86586,-0.109,174059.5432,-0.109,152018.994,-0.109,125920.7952,-0.109,95144.17381,-0.109,59895.5379
-0.108,183759.3181,-0.108,163464.6495,-0.108,139498.8848,-0.108,111123.0098,-0.108,78011.21399,-0.108,41181.91155,-0.108,174023.1681,-0.108,151989.2053,-0.108,125900.8383,-0.108,95140.12409,-0.108,59920.46364
-0.107,183719.193,-0.107,163430.1725,-0.107,139472.5205,-0.107,111109.1445,-0.107,78018.51984,-0.107,41231.2263,-0.107,173985.6338,-0.107,151958.3881,-0.107,125879.9916,-0.107,95135.31375,-0.107,59944.6914
-0.106,183677.8926,-0.106,163394.6398,-0.106,139445.2302,-0.106,111094.4835,-0.106,78025.12831,-0.106,41279.81548,-0.106,173946.9827,-0.106,151926.5792,-0.106,125858.2851,-0.106,95129.7646,-0.106,59968.23285
-0.105,183635.4615,-0.105,163358.0909,-0.105,139417.0475,-0.105,111079.0528,-0.105,78031.05646,-0.105,41327.68455,-0.105,173907.2566,-0.105,151893.8151,-0.105,125835.7489,-0.105,95123.49849,-0.105,59991.09972
-0.104,183591.9439,-0.104,163320.5653,-0.104,139388.0056,-0.104,111062.8785,-0.104,78036.32138,-0.104,41374.8391,-0.104,173866.4978,-0.104,151860.1325,-0.104,125812.4128,-0.104,95116.53721,-0.104,60013.30378
-0.103,183547.3842,-0.103,163282.1021,-0.103,139358.1379,-0.103,111045.9867,-0.103,78040.94014,-0.103,41421.28479,-0.103,173824.7479,-0.103,151825.5677,-0.103,125788.3068,-0.103,95108.90254,-0.103,60034.85688
-0.102,183501.8263,-0.102,163242.7405,-0.102,139327.4775,-0.102,111028.4033,-0.102,78044.9298,-0.102,41467.0274,-0.102,173782.0488,-0.102,151790.1569,-0.102,125763.4604,-0.102,95100.61621,-0.102,60055.77085
-0.101,183455.3141,-0.101,163202.5194,-0.101,139296.0576,-0.101,111010.154,-0.101,78048.30739,-0.101,41512.07276,-0.101,173738.4417,-0.101,151753.9364,-0.101,125737.9034,-0.101,95091.69988,-0.101,60076.05758
-0.1,183407.8912,-0.1,163161.4776,-0.1,139263.9108,-0.1,110991.2647,-0.1,78051.0899,-0.1,41556.42681,-0.1,173693.9682,-0.1,151716.942,-0.1,125711.6652,-0.1,95082.17511,-0.1,60095.72896
-0.099,183359.601,-0.099,163119.6535,-0.099,139231.07,-0.099,110971.7609,-0.099,78053.29429,-0.099,41600.09555,-0.099,173648.669,-0.099,151679.2095,-0.099,125684.775,-0.099,95072.0634,-0.099,60114.79689
-0.098,183310.4864,-0.098,163077.0853,-0.098,139197.5675,-0.098,110951.6681,-0.098,78054.93742,-0.098,41643.08503,-0.098,173602.5852,-0.098,151640.7744,-0.098,125657.2622,-0.098,95061.38612,-0.098,60133.27325
-0.097,183260.5903,-0.097,163033.8111,-0.097,139163.4357,-0.097,110931.0115,-0.097,78056.03612,-0.097,41685.40138,-0.097,173555.757,-0.097,151601.6719,-0.097,125629.1555,-0.097,95050.16453,-0.097,60151.16993
-0.096,183209.9552,-0.096,162989.8686,-0.096,139128.7065,-0.096,110909.8163,-0.096,78056.60711,-0.096,41727.05077,-0.096,173508.2247,-0.096,151561.937,-0.096,125600.4837,-0.096,95038.41977,-0.096,60168.49878
-0.095,183158.6231,-0.095,162945.2952,-0.095,139093.4117,-0.095,110888.1074,-0.095,78056.66702,-0.095,41768.03942,-0.095,173460.0282,-0.095,151521.6044,-0.095,125571.2754,-0.095,95026.17281,-0.095,60185.27163
-0.094,183106.6358,-0.094,162900.1279,-0.094,139057.5828,-0.094,110865.9096,-0.094,78056.23241,-0.094,41808.37358,-0.094,173411.207,-0.094,151480.7086,-0.094,125541.5588,-0.094,95013.44448,-0.094,60201.50025
-0.093,183054.0346,-0.093,162854.4034,-0.093,139021.2511,-0.093,110843.2474,-0.093,78055.31968,-0.093,41848.05955,-0.093,173361.8001,-0.093,151439.2836,-0.093,125511.3619,-0.093,95000.25546,-0.093,60217.19639
-0.092,183000.8604,-0.092,162808.1582,-0.092,138984.4473,-0.092,110820.145,-0.092,78053.94515,-0.092,41887.10365,-0.092,173311.8464,-0.092,151397.3632,-0.092,125480.7126,-0.092,94986.62624,-0.092,60232.37174
-0.091,182947.1538,-0.091,162761.4283,-0.091,138947.2022,-0.091,110796.6266,-0.091,78052.12498,-0.091,41925.51221,-0.091,173261.3842,-0.091,151354.9808,-0.091,125449.6382,-0.091,94972.57711,-0.091,60247.03792
-0.09,182892.9549,-0.09,162714.2492,-0.09,138909.5459,-0.09,110772.7159,-0.09,78049.87522,-0.09,41963.29159,-0.09,173210.4514,-0.09,151312.1695,-0.09,125418.1661,-0.09,94958.1282,-0.09,60261.20649
-0.089,182838.3032,-0.089,162666.6562,-0.089,138871.5084,-0.089,110748.4366,-0.089,78047.21176,-0.089,42000.44815,-0.089,173159.0856,-0.089,151268.962,-0.089,125386.323,-0.089,94943.29939,-0.089,60274.88892
-0.088,182783.2379,-0.088,162618.684,-0.088,138833.1193,-0.088,110723.8119,-0.088,78044.15033,-0.088,42036.98828,-0.088,173107.3238,-0.088,151225.3906,-0.088,125354.1357,-0.088,94928.1104,-0.088,60288.09663
-0.087,182727.7977,-0.087,162570.367,-0.087,138794.4079,-0.087,110698.8649,-0.087,78040.70652,-0.087,42072.91832,-0.087,173055.2026,-0.087,151181.4872,-0.087,125321.6302,-0.087,94912.58067,-0.087,60300.84091
-0.086,182672.0207,-0.086,162521.7391,-0.086,138755.4028,-0.086,110673.6182,-0.086,78036.89574,-0.086,42108.24466,-0.086,173002.758,-0.086,151137.2832,-0.086,125288.8327,-0.086,94896.72947,-0.086,60313.13299
-0.085,182615.9445,-0.085,162472.8337,-0.085,138716.1327,-0.085,110648.0945,-0.085,78032.73322,-0.085,42142.97365,-0.085,172950.0259,-0.085,151092.8097,-0.085,125255.7686,-0.085,94880.57578,-0.085,60324.98399
-0.084,182559.6063,-0.084,162423.6838,-0.084,138676.6255,-0.084,110622.3157,-0.084,78028.23403,-0.084,42177.11161,-0.084,172897.0412,-0.084,151048.0974,-0.084,125222.4632,-0.084,94864.13837,-0.084,60336.40491
-0.083,182503.0425,-0.083,162374.322,-0.083,138636.9089,-0.083,110596.3037,-0.083,78023.41303,-0.083,42210.66486,-0.083,172843.8386,-0.083,151003.1764,-0.083,125188.9414,-0.083,94847.43574,-0.083,60347.40665
-0.082,182446.2894,-0.082,162324.7802,-0.082,138597.0101,-0.082,110570.0801,-0.082,78018.28489,-0.082,42243.6397,-0.082,172790.4521,-0.082,150958.0765,-0.082,125155.2278,-0.082,94830.48614,-0.082,60358
-0.081,182389.3822,-0.081,162275.09,-0.081,138556.9561,-0.081,110543.6661,-0.081,78012.86411,-0.081,42276.04239,-0.081,172736.9155,-0.081,150912.827,-0.081,125121.3464,-0.081,94813.30756,-0.081,60368.19561
-0.08,182332.3558,-0.08,162225.2823,-0.08,138516.7731,-0.08,110517.0825,-0.08,78007.16496,-0.08,42307.87914,-0.08,172683.2616,-0.08,150867.4566,-0.08,125087.321,-0.08,94795.91772,-0.08,60378.00403
-0.079,182275.2447,-0.079,162175.3877,-0.079,138476.4872,-0.079,110490.3499,-0.079,78001.2015,-0.079,42339.15615,-0.079,172629.523,-0.079,150821.9937,-0.079,125053.175,-0.079,94778.33406,-0.079,60387.43565
-0.078,182218.0824,-0.078,162125.4361,-0.078,138436.1239,-0.078,110463.4885,-0.078,77994.98761,-0.078,42369.87955,-0.078,172575.7316,-0.078,150776.4662,-0.078,125018.9314,-0.078,94760.57374,-0.078,60396.50075
-0.077,182160.9023,-0.077,162075.4571,-0.077,138395.7082,-0.077,110436.5181,-0.077,77988.53693,-0.077,42400.05545,-0.077,172521.9189,-0.077,150730.9015,-0.077,124984.6129,-0.077,94742.65366,-0.077,60405.20946
-0.076,182103.7366,-0.076,162025.4795,-0.076,138355.265,-0.076,110409.4584,-0.076,77981.86288,-0.076,42429.68989,-0.076,172468.1155,-0.076,150685.3264,-0.076,124950.2415,-0.076,94724.59041,-0.076,60413.57176
-0.075,182046.6176,-0.075,161975.5318,-0.075,138314.8182,-0.075,110382.3284,-0.075,77974.97868,-0.075,42458.78887,-0.075,172414.3518,-0.075,150639.7673,-0.075,124915.8391,-0.075,94706.40031,-0.075,60421.59751
-0.074,181989.5764,-0.074,161925.6418,-0.074,138274.3918,-0.074,110355.1469,-0.074,77967.8973,-0.074,42487.35831,-0.074,172360.6574,-0.074,150594.2502,-0.074,124881.4271,-0.074,94688.09937,-0.074,60429.2964
-0.073,181932.6438,-0.073,161875.8368,-0.073,138234.0089,-0.073,110327.9326,-0.073,77960.63151,-0.073,42515.4041,-0.073,172307.0614,-0.073,150548.8003,-0.073,124847.0264,-0.073,94669.70333,-0.073,60436.67799
-0.072,181875.85,-0.072,161826.1437,-0.072,138193.6924,-0.072,110300.7034,-0.072,77953.19384,-0.072,42542.93205,-0.072,172253.5924,-0.072,150503.4427,-0.072,124812.6578,-0.072,94651.22763,-0.072,60443.75166
-0.071,181819.2244,-0.071,161776.5888,-0.071,138153.4648,-0.071,110273.4771,-0.071,77945.5966,-0.071,42569.94791,-0.071,172200.2784,-0.071,150458.2018,-0.071,124778.3412,-0.071,94632.6874,-0.071,60450.52666
-0.07,181762.796,-0.07,161727.1976,-0.07,138113.3478,-0.07,110246.2712,-0.07,77937.85184,-0.07,42596.45735,-0.07,172147.1466,-0.07,150413.1014,-0.07,124744.0966,-0.07,94614.09749,-0.07,60457.01208
-0.069,181706.5932,-0.069,161677.9955,-0.069,138073.3631,-0.069,110219.1026,-0.069,77929.97142,-0.069,42622.46599,-0.069,172094.224,-0.069,150368.1649,-0.069,124709.9433,-0.069,94595.47245,-0.069,60463.21684
-0.068,181650.6435,-0.068,161629.0071,-0.068,138033.5316,-0.068,110191.9882,-0.068,77921.96694,-0.068,42647.97936,-0.068,172041.5368,-0.068,150323.4153,-0.068,124675.9001,-0.068,94576.82653,-0.068,60469.14971
-0.067,181594.9742,-0.067,161580.2564,-0.067,137993.8739,-0.067,110164.9442,-0.067,77913.84979,-0.067,42673.00292,-0.067,171989.1106,-0.067,150278.875,-0.067,124641.9857,-0.067,94558.17367,-0.067,60474.81931
-0.066,181539.6116,-0.066,161531.767,-0.066,137954.41,-0.066,110137.9867,-0.066,77905.6311,-0.066,42697.54206,-0.066,171936.9705,-0.066,150234.5658,-0.066,124608.2182,-0.066,94539.52756,-0.066,60480.23407
-0.065,181484.5818,-0.065,161483.5621,-0.065,137915.1597,-0.065,110111.1312,-0.065,77897.3218,-0.065,42721.6021,-0.065,171885.1411,-0.065,150190.5093,-0.065,124574.6153,-0.065,94520.90155,-0.065,60485.4023
-0.064,181429.9101,-0.064,161435.6641,-0.064,137876.1422,-0.064,110084.393,-0.064,77888.93256,-0.064,42745.18825,-0.064,171833.6464,-0.064,150146.7263,-0.064,124541.1943,-0.064,94502.3087,-0.064,60490.33211
-0.063,181375.6211,-0.063,161388.0949,-0.063,137837.3762,-0.063,110057.7872,-0.063,77880.47385,-0.063,42768.30567,-0.063,171782.5097,-0.063,150103.2373,-0.063,124507.9723,-0.063,94483.76182,-0.063,60495.03147
-0.062,181321.739,-0.062,161340.8762,-0.062,137798.8801,-0.062,110031.3283,-0.062,77871.95588,-0.062,42790.95942,-0.062,171731.7539,-0.062,150060.0623,-0.062,124474.9657,-0.062,94465.27338,-0.062,60499.50819
-0.061,181268.2874,-0.061,161294.0289,-0.061,137760.6717,-0.061,110005.0305,-0.061,77863.38867,-0.061,42813.15449,-0.061,171681.4014,-0.061,150017.2208,-0.061,124442.1907,-0.061,94446.85559,-0.061,60503.76991
-0.06,181215.2893,-0.06,161247.5733,-0.06,137722.7686,-0.06,109978.9078,-0.06,77854.78198,-0.06,42834.89578,-0.06,171631.474,-0.06,149974.7318,-0.06,124409.6631,-0.06,94428.52038,-0.06,60507.82411
-0.059,181162.767,-0.059,161201.5295,-0.059,137685.1877,-0.059,109952.9738,-0.059,77846.14536,-0.059,42856.18811,-0.059,171581.9928,-0.059,149932.6139,-0.059,124377.3982,-0.059,94410.27938,-0.059,60511.67812
-0.058,181110.7426,-0.058,161155.917,-0.058,137647.9457,-0.058,109927.2417,-0.058,77837.48814,-0.058,42877.0362,-0.058,171532.9785,-0.058,149890.8851,-0.058,124345.4111,-0.058,94392.14395,-0.058,60515.3391
-0.057,181059.2372,-0.057,161110.7547,-0.057,137611.0588,-0.057,109901.7244,-0.057,77828.81943,-0.057,42897.4447,-0.057,171484.4515,-0.057,149849.5631,-0.057,124313.7163,-0.057,94374.12517,-0.057,60518.81405
-0.056,181008.2717,-0.056,161066.061,-0.056,137574.5427,-0.056,109876.4346,-0.056,77820.14812,-0.056,42917.41818,-0.056,171436.4313,-0.056,149808.6651,-0.056,124282.3282,-0.056,94356.23386,-0.056,60522.10983
-0.055,180957.8663,-0.055,161021.8541,-0.055,137538.4129,-0.055,109851.3845,-0.055,77811.48288,-0.055,42936.9611,-0.055,171388.9372,-0.055,149768.2079,-0.055,124251.2607,-0.055,94338.48054,-0.055,60525.23313
-0.054,180908.0408,-0.054,160978.1514,-0.054,137502.6844,-0.054,109826.5861,-0.054,77802.83218,-0.054,42956.07786,-0.054,171341.9877,-0.054,149728.2077,-0.054,124220.5271,-0.054,94320.8755,-0.054,60528.19048
-0.053,180858.8142,-0.053,160934.9701,-0.053,137467.3717,-0.053,109802.051,-0.053,77794.20425,-0.053,42974.77275,-0.053,171295.6012,-0.053,149688.6805,-0.053,124190.1409,-0.053,94303.42875,-0.053,60530.98827
-0.052,180810.2053,-0.052,160892.3266,-0.052,137432.4889,-0.052,109777.7906,-0.052,77785.60716,-0.052,42993.04998,-0.052,171249.7951,-0.052,149649.6417,-0.052,124160.1147,-0.052,94286.15003,-0.052,60533.63274
-0.051,180762.2322,-0.051,160850.2373,-0.051,137398.0501,-0.051,109753.816,-0.051,77777.04872,-0.051,43010.9137,-0.051,171204.5868,-0.051,149611.1063,-0.051,124130.4611,-0.051,94269.04884,-0.051,60536.12995
-0.05,180714.9126,-0.05,160808.7178,-0.05,137364.0685,-0.05,109730.1378,-0.05,77768.53659,-0.05,43028.36793,-0.05,171159.993,-0.05,149573.089,-0.05,124101.1921,-0.05,94252.13441,-0.05,60538.48586
-0.049,180668.2637,-0.049,160767.7834,-0.049,137330.5572,-0.049,109706.7666,-0.049,77760.07818,-0.049,43045.41663,-0.049,171116.03,-0.049,149535.604,-0.049,124072.3197,-0.049,94235.41575,-0.049,60540.70623
-0.048,180622.3021,-0.048,160727.449,-0.048,137297.529,-0.048,109683.7124,-0.048,77751.68074,-0.048,43062.06366,-0.048,171072.7135,-0.048,149498.6651,-0.048,124043.8554,-0.048,94218.90159,-0.048,60542.79672
-0.047,180577.0442,-0.047,160687.729,-0.047,137264.9961,-0.047,109660.9853,-0.047,77743.3513,-0.047,43078.31281,-0.047,171030.059,-0.047,149462.2858,-0.047,124015.8101,-0.047,94202.60046,-0.047,60544.7628
-0.046,180532.5056,-0.046,160648.6374,-0.046,137232.9707,-0.046,109638.5947,-0.046,77735.09671,-0.046,43094.16778,-0.046,170988.0813,-0.046,149426.4791,-0.046,123988.1949,-0.046,94186.5206,-0.046,60546.60984
-0.045,180488.7016,-0.045,160610.1879,-0.045,137201.4642,-0.045,109616.5501,-0.045,77726.92364,-0.045,43109.63217,-0.045,170946.795,-0.045,149391.2577,-0.045,123961.0203,-0.045,94170.67007,-0.045,60548.34304
-0.044,180445.6471,-0.044,160572.3937,-0.044,137170.4881,-0.044,109594.8604,-0.044,77718.83856,-0.044,43124.70951,-0.044,170906.2141,-0.044,149356.6338,-0.044,123934.2964,-0.044,94155.05665,-0.044,60549.96748
-0.043,180403.3564,-0.043,160535.2675,-0.043,137140.0533,-0.043,109573.5345,-0.043,77710.84776,-0.043,43139.40323,-0.043,170866.3522,-0.043,149322.6194,-0.043,123908.0331,-0.043,94139.68794,-0.043,60551.48808
-0.042,180361.8436,-0.042,160498.8219,-0.042,137110.1704,-0.042,109552.5809,-0.042,77702.95734,-0.042,43153.71669,-0.042,170827.2226,-0.042,149289.2261,-0.042,123882.2402,-0.042,94124.57128,-0.042,60552.90964
-0.041,180321.1222,-0.041,160463.0688,-0.041,137080.8498,-0.041,109532.0078,-0.041,77695.17322,-0.041,43167.65317,-0.041,170788.8381,-0.041,149256.4651,-0.041,123856.927,-0.041,94109.71382,-0.041,60554.23682
-0.04,180281.2054,-0.04,160428.02,-0.04,137052.1013,-0.04,109511.8233,-0.04,77687.50118,-0.04,43181.21583,-0.04,170751.2112,-0.04,149224.3473,-0.04,123832.1024,-0.04,94095.12246,-0.04,60555.47416
-0.039,180242.1057,-0.039,160393.6868,-0.039,137023.9348,-0.039,109492.0352,-0.039,77679.94679,-0.039,43194.4078,-0.039,170714.3539,-0.039,149192.8831,-0.039,123807.7752,-0.039,94080.80392,-0.039,60556.62604
-0.038,180203.8355,-0.038,160360.0801,-0.038,136996.3596,-0.038,109472.6509,-0.038,77672.51545,-0.038,43207.23208,-0.038,170678.2777,-0.038,149162.0829,-0.038,123783.954,-0.038,94066.7647,-0.038,60557.69673
-0.037,180166.4068,-0.037,160327.2106,-0.037,136969.3848,-0.037,109453.6778,-0.037,77665.21241,-0.037,43219.69161,-0.037,170642.9941,-0.037,149131.9564,-0.037,123760.6469,-0.037,94053.01108,-0.037,60558.69039
-0.036,180129.831,-0.036,160295.0884,-0.036,136943.0191,-0.036,109435.1229,-0.036,77658.04274,-0.036,43231.78925,-0.036,170608.5139,-0.036,149102.5133,-0.036,123737.8619,-0.036,94039.54916,-0.036,60559.611
-0.035,180094.1192,-0.035,160263.7236,-0.035,136917.2709,-0.035,109416.993,-0.035,77651.01136,-0.035,43243.52777,-0.035,170574.8477,-0.035,149073.7626,-0.035,123715.6066,-0.035,94026.38483,-0.035,60560.46247
-0.034,180059.2823,-0.034,160233.1256,-0.034,136892.1487,-0.034,109399.2948,-0.034,77644.12301,-0.034,43254.90986,-0.034,170542.0056,-0.034,149045.7134,-0.034,123693.8886,-0.034,94013.52379,-0.034,60561.24856
-0.033,180025.3306,-0.033,160203.3037,-0.033,136867.6601,-0.033,109382.0345,-0.033,77637.3823,-0.033,43265.93813,-0.033,170509.9975,-0.033,149018.3743,-0.033,123672.7149,-0.033,94000.97152,-0.033,60561.97291
-0.032,179992.2741,-0.032,160174.2668,-0.032,136843.8129,-0.032,109365.2183,-0.032,77630.79366,-0.032,43276.61511,-0.032,170478.8329,-0.032,148991.7535,-0.032,123652.0924,-0.032,93988.73335,-0.032,60562.63904
-0.031,179960.1224,-0.031,160146.0236,-0.031,136820.6144,-0.031,109348.8521,-0.031,77624.36136,-0.031,43286.94324,-0.031,170448.5209,-0.031,148965.859,-0.031,123632.0279,-0.031,93976.81441,-0.031,60563.25035
-0.03,179928.8849,-0.03,160118.5823,-0.03,136798.0718,-0.03,109332.9417,-0.03,77618.08954,-0.03,43296.9249,-0.03,170419.0703,-0.03,148940.6986,-0.03,123612.5278,-0.03,93965.21962,-0.03,60563.81014
-0.029,179898.5705,-0.029,160091.9509,-0.029,136776.1918,-0.029,109317.4925,-0.029,77611.98219,-0.029,43306.56238,-0.029,170390.4896,-0.029,148916.2798,-0.029,123593.5982,-0.029,93953.95375,-0.029,60564.32156
-0.028,179869.1879,-0.028,160066.137,-0.028,136754.981,-0.028,109302.5098,-0.028,77606.04313,-0.028,43315.85789,-0.028,170362.787,-0.028,148892.6095,-0.028,123575.2451,-0.028,93943.02138,-0.028,60564.78767
-0.027,179840.7452,-0.027,160041.1481,-0.027,136734.4458,-0.027,109287.9988,-0.027,77600.27604,-0.027,43324.81357,-0.027,170335.9703,-0.027,148869.6948,-0.027,123557.4742,-0.027,93932.42691,-0.027,60565.21141
-0.026,179813.2505,-0.026,160016.9912,-0.026,136714.5921,-0.026,109273.9642,-0.026,77594.68448,-0.026,43333.43146,-0.026,170310.0471,-0.026,148847.5421,-0.026,123540.291,-0.026,93922.17456,-0.026,60565.5956
-0.025,179786.7114,-0.025,159993.673,-0.025,136695.4259,-0.025,109260.4107,-0.025,77589.27185,-0.025,43341.71354,-0.025,170285.0245,-0.025,148826.1578,-0.025,123523.7008,-0.025,93912.2684,-0.025,60565.94297
-0.024,179761.1351,-0.024,159971.2002,-0.024,136676.9526,-0.024,109247.343,-0.024,77584.04139,-0.024,43349.66173,-0.024,170260.9095,-0.024,148805.548,-0.024,123507.7086,-0.024,93902.71232,-0.024,60566.25611
-0.023,179736.5287,-0.023,159949.5789,-0.023,136659.1776,-0.023,109234.7651,-0.023,77578.99623,-0.023,43357.27783,-0.023,170237.7086,-0.023,148785.7185,-0.023,123492.3193,-0.023,93893.51002,-0.023,60566.53753
-0.022,179712.8987,-0.022,159928.815,-0.022,136642.1061,-0.022,109222.6813,-0.022,77574.13937,-0.022,43364.5636,-0.022,170215.4283,-0.022,148766.6746,-0.022,123477.5374,-0.022,93884.66508,-0.022,60566.7896
-0.021,179690.2516,-0.021,159908.9142,-0.021,136625.7427,-0.021,109211.0955,-0.021,77569.47363,-0.021,43371.52072,-0.021,170194.0745,-0.021,148748.4219,-0.021,123463.3674,-0.021,93876.18087,-0.021,60567.01462
-0.02,179668.5935,-0.02,159889.8819,-0.02,136610.0922,-0.02,109200.0113,-0.02,77565.00174,-0.02,43378.15077,-0.02,170173.6529,-0.02,148730.9652,-0.02,123449.8134,-0.02,93868.06064,-0.02,60567.21475
-0.019,179647.9299,-0.019,159871.7232,-0.019,136595.159,-0.019,109189.4323,-0.019,77560.72628,-0.019,43384.45528,-0.019,170154.169,-0.019,148714.3093,-0.019,123436.8795,-0.019,93860.30745,-0.019,60567.39207
-0.018,179628.2665,-0.018,159854.443,-0.018,136580.9471,-0.018,109179.3619,-0.018,77556.64969,-0.018,43390.4357,-0.018,170135.6279,-0.018,148698.4588,-0.018,123424.5693,-0.018,93852.92421,-0.018,60567.54853
-0.017,179609.6084,-0.017,159838.0459,-0.017,136567.4606,-0.017,109169.8033,-0.017,77552.77429,-0.017,43396.09339,-0.017,170118.0347,-0.017,148683.4179,-0.017,123412.8865,-0.017,93845.91369,-0.017,60567.68601
-0.016,179591.9604,-0.016,159822.5362,-0.016,136554.7032,-0.016,109160.7594,-0.016,77549.10228,-0.016,43401.42966,-0.016,170101.3937,-0.016,148669.1907,-0.016,123401.8345,-0.016,93839.27849,-0.016,60567.80625
-0.015,179575.3271,-0.015,159807.9179,-0.015,136542.6783,-0.015,109152.233,-0.015,77545.63572,-0.015,43406.44573,-0.015,170085.7095,-0.015,148655.781,-0.015,123391.4163,-0.015,93833.02106,-0.015,60567.91092
-0.014,179559.7129,-0.014,159794.195,-0.014,136531.3893,-0.014,109144.2269,-0.014,77542.37653,-0.014,43411.14275,-0.014,170070.9861,-0.014,148643.1923,-0.014,123381.6351,-0.014,93827.1437,-0.014,60568.00158
-0.013,179545.1216,-0.013,159781.371,-0.013,136520.8392,-0.013,109136.7435,-0.013,77539.32653,-0.013,43415.5218,-0.013,170057.2272,-0.013,148631.428,-0.013,123372.4935,-0.013,93821.64856,-0.013,60568.07967
-0.012,179531.5571,-0.012,159769.4492,-0.012,136511.0309,-0.012,109129.785,-0.012,77536.48741,-0.012,43419.58388,-0.012,170044.4365,-0.012,148620.4912,-0.012,123363.9942,-0.012,93816.53763,-0.012,60568.14656
-0.011,179519.0229,-0.011,159758.4327,-0.011,136501.9669,-0.011,109123.3537,-0.011,77533.86072,-0.011,43423.32991,-0.011,170032.6172,-0.011,148610.3847,-0.011,123356.1395,-0.011,93811.81278,-0.011,60568.2035
-0.01,179507.522,-0.01,159748.3243,-0.01,136493.6498,-0.01,109117.4515,-0.01,77531.4479,-0.01,43426.76077,-0.01,170021.7722,-0.01,148601.1112,-0.01,123348.9317,-0.01,93807.47571,-0.01,60568.25164
-0.009,179497.0575,-0.009,159739.1267,-0.009,136486.0818,-0.009,109112.0801,-0.009,77529.25026,-0.009,43429.87724,-0.009,170011.9045,-0.009,148592.6731,-0.009,123342.3727,-0.009,93803.52798,-0.009,60568.29205
-0.008,179487.632,-0.008,159730.8421,-0.008,136479.2648,-0.008,109107.2413,-0.008,77527.269,-0.008,43432.68003,-0.008,170003.0164,-0.008,148585.0726,-0.008,123336.4645,-0.008,93799.971,-0.008,60568.32569
-0.007,179479.2478,-0.007,159723.4728,-0.007,136473.2008,-0.007,109102.9364,-0.007,77525.50519,-0.007,43435.16978,-0.007,169995.1103,-0.007,148578.3116,-0.007,123331.2086,-0.007,93796.80605,-0.007,60568.35342
-0.006,179471.907,-0.006,159717.0205,-0.006,136467.8912,-0.006,109099.1669,-0.006,77523.95979,-0.006,43437.34707,-0.006,169988.1881,-0.006,148572.392,-0.006,123326.6065,-0.006,93794.03426,-0.006,60568.37601
-0.005,179465.6115,-0.005,159711.487,-0.005,136463.3376,-0.005,109095.9337,-0.005,77522.63361,-0.005,43439.21239,-0.005,169982.2515,-0.005,148567.3152,-0.005,123322.6595,-0.005,93791.65661,-0.005,60568.39413
-0.004,179460.3628,-0.004,159706.8736,-0.004,136459.541,-0.004,109093.2379,-0.004,77521.52738,-0.004,43440.76618,-0.004,169977.3021,-0.004,148563.0825,-0.004,123319.3686,-0.004,93789.67395,-0.004,60568.40835
-0.003,179456.1623,-0.003,159703.1814,-0.003,136456.5026,-0.003,109091.0803,-0.003,77520.64168,-0.003,43442.00878,-0.003,169973.3411,-0.003,148559.6951,-0.003,123316.7349,-0.003,93788.08698,-0.003,60568.41916
-0.002,179453.011,-0.002,159700.4115,-0.002,136454.2231,-0.002,109089.4615,-0.002,77519.977,-0.002,43442.94048,-0.002,169970.3694,-0.002,148557.1538,-0.002,123314.7589,-0.002,93786.89626,-0.002,60568.42693
-0.001,179450.9097,-0.001,159698.5645,-0.001,136452.703,-0.001,109088.3821,-0.001,77519.53368,-0.001,43443.56149,-0.001,169968.3879,-0.001,148555.4592,-0.001,123313.4413,-0.001,93786.10221,-0.001,60568.43195
0,179449.859,0,159697.6409,0,136451.9429,0,109087.8423,0,77519.31196,0,43443.87197,0,169967.3971,0,148554.6118,0,123312.7824,0,93785.70512,0,60568.43442
0.001,179449.859,0.001,159697.6409,0.001,136451.9429,0.001,109087.8423,0.001,77519.31196,0.001,43443.87197,0.001,169967.3971,0.001,148554.6118,0.001,123312.7824,0.001,93785.70512,0.001,60568.43442
0.002,179450.9097,0.002,159698.5645,0.002,136452.703,0.002,109088.3821,0.002,77519.53368,0.002,43443.5615,0.002,169968.3879,0.002,148555.4592,0.002,123313.4413,0.002,93786.10222,0.002,60568.43196
0.003,179453.011,0.003,159700.4115,0.003,136454.2231,0.003,109089.4615,0.003,77519.97701,0.003,43442.94049,0.003,169970.3694,0.003,148557.1538,0.003,123314.7589,0.003,93786.89627,0.003,60568.42694
0.004,179456.1623,0.004,159703.1815,0.004,136456.5026,0.004,109091.0803,0.004,77520.64169,0.004,43442.00879,0.004,169973.3411,0.004,148559.6951,0.004,123316.7349,0.004,93788.08699,0.004,60568.41917
0.005,179460.3628,0.005,159706.8736,0.005,136459.541,0.005,109093.2379,0.005,77521.52739,0.005,43440.76619,0.005,169977.3021,0.005,148563.0825,0.005,123319.3687,0.005,93789.67396,0.005,60568.40837
0.006,179465.6115,0.006,159711.487,0.006,136463.3376,0.006,109095.9337,0.006,77522.63363,0.006,43439.21242,0.006,169982.2515,0.006,148567.3152,0.006,123322.6595,0.006,93791.65663,0.006,60568.39415
0.007,179471.907,0.007,159717.0206,0.007,136467.8912,0.007,109099.1669,0.007,77523.95981,0.007,43437.3471,0.007,169988.1881,0.007,148572.392,0.007,123326.6065,0.007,93794.03428,0.007,60568.37603
0.008,179479.2478,0.008,159723.4728,0.008,136473.2008,0.008,109102.9365,0.008,77525.50522,0.008,43435.16981,0.008,169995.1103,0.008,148578.3116,0.008,123331.2086,0.008,93796.80608,0.008,60568.35345
0.009,179487.632,0.009,159730.8422,0.009,136479.2649,0.009,109107.2413,0.009,77527.26904,0.009,43432.68006,0.009,170003.0164,0.009,148585.0726,0.009,123336.4645,0.009,93799.97103,0.009,60568.32572
0.01,179497.0576,0.01,159739.1267,0.01,136486.0818,0.01,109112.0802,0.01,77529.2503,0.01,43429.87728,0.01,170011.9045,0.01,148592.6731,0.01,123342.3727,0.01,93803.52801,0.01,60568.29209
0.011,179507.5221,0.011,159748.3243,0.011,136493.6499,0.011,109117.4515,0.011,77531.44794,0.011,43426.76081,0.011,170021.7723,0.011,148601.1112,0.011,123348.9317,0.011,93807.47575,0.011,60568.25168
0.012,179519.0229,0.012,159758.4327,0.012,136501.967,0.012,109123.3537,0.012,77533.86076,0.012,43423.32996,0.012,170032.6172,0.012,148610.3847,0.012,123356.1395,0.012,93811.81282,0.012,60568.20354
0.013,179531.5572,0.013,159769.4492,0.013,136511.0309,0.013,109129.7851,0.013,77536.48746,0.013,43419.58392,0.013,170044.4365,0.013,148620.4912,0.013,123363.9942,0.013,93816.53768,0.013,60568.14661
0.014,179545.1217,0.014,159781.371,0.014,136520.8392,0.014,109136.7435,0.014,77539.32659,0.014,43415.52185,0.014,170057.2273,0.014,148631.4281,0.014,123372.4935,0.014,93821.64861,0.014,60568.07973
0.015,179559.7129,0.015,159794.195,0.015,136531.3894,0.015,109144.227,0.015,77542.37659,0.015,43411.14281,0.015,170070.9861,0.015,148643.1924,0.015,123381.6351,0.015,93827.14375,0.015,60568.00164
0.016,179575.3272,0.016,159807.918,0.016,136542.6784,0.016,109152.2331,0.016,77545.63578,0.016,43406.44579,0.016,170085.7096,0.016,148655.7811,0.016,123391.4164,0.016,93833.02112,0.016,60567.91098
0.017,179591.9604,0.017,159822.5362,0.017,136554.7033,0.017,109160.7594,0.017,77549.10235,0.017,43401.42973,0.017,170101.3938,0.017,148669.1908,0.017,123401.8345,0.017,93839.27856,0.017,60567.80632
0.018,179609.6084,0.018,159838.0459,0.018,136567.4607,0.018,109169.8034,0.018,77552.77436,0.018,43396.09346,0.018,170118.0347,0.018,148683.418,0.018,123412.8866,0.018,93845.91376,0.018,60567.68607
0.019,179628.2666,0.019,159854.4431,0.019,136580.9472,0.019,109179.362,0.019,77556.64976,0.019,43390.43577,0.019,170135.628,0.019,148698.4589,0.019,123424.5694,0.019,93852.92428,0.019,60567.5486
0.02,179647.93,0.02,159871.7233,0.02,136595.159,0.02,109189.4324,0.02,77560.72635,0.02,43384.45536,0.02,170154.169,0.02,148714.3094,0.02,123436.8795,0.02,93860.30752,0.02,60567.39214
0.021,179668.5935,0.021,159889.882,0.021,136610.0923,0.021,109200.0114,0.021,77565.00182,0.021,43378.15085,0.021,170173.6529,0.021,148730.9653,0.021,123449.8135,0.021,93868.06072,0.021,60567.21483
0.022,179690.2517,0.022,159908.9143,0.022,136625.7428,0.022,109211.0956,0.022,77569.47371,0.022,43371.5208,0.022,170194.0745,0.022,148748.422,0.022,123463.3675,0.022,93876.18095,0.022,60567.0147
0.023,179712.8988,0.023,159928.815,0.023,136642.1061,0.023,109222.6814,0.023,77574.13945,0.023,43364.56369,0.023,170215.4283,0.023,148766.6747,0.023,123477.5375,0.023,93884.66516,0.023,60566.78969
0.024,179736.5287,0.024,159949.5789,0.024,136659.1777,0.024,109234.7652,0.024,77578.99632,0.024,43357.27792,0.024,170237.7087,0.024,148785.7185,0.024,123492.3194,0.024,93893.51011,0.024,60566.53762
0.025,179761.1352,0.025,159971.2003,0.025,136676.9527,0.025,109247.3431,0.025,77584.04148,0.025,43349.66182,0.025,170260.9096,0.025,148805.5481,0.025,123507.7087,0.025,93902.71241,0.025,60566.25621
0.026,179786.7114,0.026,159993.6731,0.026,136695.426,0.026,109260.4108,0.026,77589.27194,0.026,43341.71364,0.026,170285.0246,0.026,148826.1579,0.026,123523.7009,0.026,93912.2685,0.026,60565.94307
0.027,179813.2506,0.027,160016.9913,0.027,136714.5922,0.027,109273.9643,0.027,77594.68459,0.027,43333.43156,0.027,170310.0472,0.027,148847.5422,0.027,123540.2911,0.027,93922.17466,0.027,60565.59571
0.028,179840.7453,0.028,160041.1482,0.028,136734.4459,0.028,109287.9989,0.028,77600.27615,0.028,43324.81367,0.028,170335.9704,0.028,148869.6949,0.028,123557.4743,0.028,93932.42701,0.028,60565.21151
0.029,179869.1879,0.029,160066.1371,0.029,136754.9811,0.029,109302.5099,0.029,77606.04324,0.029,43315.858,0.029,170362.7871,0.029,148892.6096,0.029,123575.2452,0.029,93943.02148,0.029,60564.78778
0.03,179898.5706,0.03,160091.951,0.03,136776.1919,0.03,109317.4926,0.03,77611.9823,0.03,43306.56249,0.03,170390.4897,0.03,148916.2799,0.03,123593.5983,0.03,93953.95386,0.03,60564.32167
0.031,179928.885,0.031,160118.5824,0.031,136798.0719,0.031,109332.9418,0.031,77618.08966,0.031,43296.92502,0.031,170419.0704,0.031,148940.6987,0.031,123612.5279,0.031,93965.21973,0.031,60563.81025
0.032,179960.1225,0.032,160146.0237,0.032,136820.6145,0.032,109348.8522,0.032,77624.36148,0.032,43286.94336,0.032,170448.521,0.032,148965.8591,0.032,123632.028,0.032,93976.81452,0.032,60563.25048
0.033,179992.2742,0.033,160174.2669,0.033,136843.813,0.033,109365.2184,0.033,77630.79378,0.033,43276.61523,0.033,170478.833,0.033,148991.7536,0.033,123652.0926,0.033,93988.73347,0.033,60562.63917
0.034,180025.3307,0.034,160203.3038,0.034,136867.6602,0.034,109382.0346,0.034,77637.38243,0.034,43265.93826,0.034,170509.9976,0.034,149018.3744,0.034,123672.715,0.034,94000.97165,0.034,60561.97304
0.035,180059.2824,0.035,160233.1257,0.035,136892.1488,0.035,109399.2949,0.035,77644.12315,0.035,43254.90999,0.035,170542.0057,0.035,149045.7135,0.035,123693.8887,0.035,94013.52391,0.035,60561.24869
0.036,180094.1193,0.036,160263.7237,0.036,136917.2711,0.036,109416.9932,0.036,77651.01149,0.036,43243.52791,0.036,170574.8478,0.036,149073.7627,0.036,123715.6068,0.036,94026.38496,0.036,60560.46261
0.037,180129.8311,0.037,160295.0885,0.037,136943.0192,0.037,109435.1231,0.037,77658.04288,0.037,43231.78939,0.037,170608.514,0.037,149102.5134,0.037,123737.862,0.037,94039.5493,0.037,60559.61114
0.038,180166.4069,0.038,160327.2107,0.038,136969.3849,0.038,109453.678,0.038,77665.21255,0.038,43219.69175,0.038,170642.9942,0.038,149131.9565,0.038,123760.647,0.038,94053.01122,0.038,60558.69053
0.039,180203.8356,0.039,160360.0803,0.039,136996.3597,0.039,109472.6511,0.039,77672.5156,0.039,43207.23222,0.039,170678.2778,0.039,149162.083,0.039,123783.9541,0.039,94066.76484,0.039,60557.69688
0.04,180242.1058,0.04,160393.6869,0.04,137023.935,0.04,109492.0353,0.04,77679.94694,0.04,43194.40794,0.04,170714.354,0.04,149192.8833,0.04,123807.7753,0.04,94080.80407,0.04,60556.62619
0.041,180281.2055,0.041,160428.0201,0.041,137052.1015,0.041,109511.8235,0.041,77687.50134,0.041,43181.21598,0.041,170751.2113,0.041,149224.3474,0.041,123832.1025,0.041,94095.12261,0.041,60555.47431
0.042,180321.1224,0.042,160463.0689,0.042,137080.8499,0.042,109532.008,0.042,77695.17338,0.042,43167.65332,0.042,170788.8383,0.042,149256.4652,0.042,123856.9271,0.042,94109.71397,0.042,60554.23698
0.043,180361.8438,0.043,160498.822,0.043,137110.1706,0.043,109552.581,0.043,77702.9575,0.043,43153.71685,0.043,170827.2227,0.043,149289.2262,0.043,123882.2404,0.043,94124.57144,0.043,60552.9098
0.044,180403.3565,0.044,160535.2676,0.044,137140.0535,0.044,109573.5347,0.044,77710.84792,0.044,43139.40339,0.044,170866.3523,0.044,149322.6195,0.044,123908.0333,0.044,94139.6881,0.044,60551.48825
0.045,180445.6472,0.045,160572.3938,0.045,137170.4883,0.045,109594.8606,0.045,77718.83873,0.045,43124.70967,0.045,170906.2142,0.045,149356.6339,0.045,123934.2965,0.045,94155.05682,0.045,60549.96765
0.046,180488.7017,0.046,160610.188,0.046,137201.4644,0.046,109616.5503,0.046,77726.92382,0.046,43109.63234,0.046,170946.7951,0.046,149391.2578,0.046,123961.0204,0.046,94170.67023,0.046,60548.34322
0.047,180532.5057,0.047,160648.6376,0.047,137232.9708,0.047,109638.5949,0.047,77735.09689,0.047,43094.16795,0.047,170988.0814,0.047,149426.4792,0.047,123988.1951,0.047,94186.52077,0.047,60546.61002
0.048,180577.0443,0.048,160687.7291,0.048,137264.9963,0.048,109660.9855,0.048,77743.35148,0.048,43078.31299,0.048,171030.0591,0.048,149462.286,0.048,124015.8103,0.048,94202.60063,0.048,60544.76299
0.049,180622.3023,0.049,160727.4491,0.049,137297.5291,0.049,109683.7126,0.049,77751.68092,0.049,43062.06384,0.049,171072.7137,0.049,149498.6653,0.049,124043.8555,0.049,94218.90177,0.049,60542.7969
0.05,180668.2638,0.05,160767.7836,0.05,137330.5573,0.05,109706.7667,0.05,77760.07837,0.05,43045.41681,0.05,171116.0301,0.05,149535.6042,0.05,124072.3199,0.05,94235.41593,0.05,60540.70642
0.051,180714.9127,0.051,160808.7179,0.051,137364.0686,0.051,109730.138,0.051,77768.53678,0.051,43028.36811,0.051,171159.9932,0.051,149573.0892,0.051,124101.1923,0.051,94252.1346,0.051,60538.48605
0.052,180762.2323,0.052,160850.2375,0.052,137398.0502,0.052,109753.8162,0.052,77777.04892,0.052,43010.91389,0.052,171204.587,0.052,149611.1065,0.052,124130.4612,0.052,94269.04902,0.052,60536.13015
0.053,180810.2054,0.053,160892.3268,0.053,137432.4891,0.053,109777.7908,0.053,77785.60736,0.053,42993.05018,0.053,171249.7952,0.053,149649.6419,0.053,124160.1149,0.053,94286.15022,0.053,60533.63294
0.054,180858.8143,0.054,160934.9702,0.054,137467.3718,0.054,109802.0512,0.054,77794.20446,0.054,42974.77294,0.054,171295.6013,0.054,149688.6807,0.054,124190.141,0.054,94303.42895,0.054,60530.98848
0.055,180908.0409,0.055,160978.1516,0.055,137502.6846,0.055,109826.5863,0.055,77802.83238,0.055,42956.07806,0.055,171341.9879,0.055,149728.2079,0.055,124220.5273,0.055,94320.87571,0.055,60528.19069
0.056,180957.8665,0.056,161021.8543,0.056,137538.4131,0.056,109851.3847,0.056,77811.4831,0.056,42936.96131,0.056,171388.9374,0.056,149768.2081,0.056,124251.2608,0.056,94338.48075,0.056,60525.23334
0.057,181008.2719,0.057,161066.0612,0.057,137574.5429,0.057,109876.4348,0.057,77820.14834,0.057,42917.41839,0.057,171436.4315,0.057,149808.6653,0.057,124282.3284,0.057,94356.23406,0.057,60522.11005
0.058,181059.2374,0.058,161110.7548,0.058,137611.059,0.058,109901.7246,0.058,77828.81965,0.058,42897.44491,0.058,171484.4517,0.058,149849.5633,0.058,124313.7165,0.058,94374.12538,0.058,60518.81427
0.059,181110.7427,0.059,161155.9172,0.059,137647.9459,0.059,109927.2419,0.059,77837.48837,0.059,42877.03641,0.059,171532.9787,0.059,149890.8853,0.059,124345.4113,0.059,94392.14417,0.059,60515.33932
0.06,181162.7672,0.06,161201.5297,0.06,137685.1879,0.06,109952.974,0.06,77846.14559,0.06,42856.18833,0.06,171581.9929,0.06,149932.6141,0.06,124377.3984,0.06,94410.2796,0.06,60511.67835
0.061,181215.2894,0.061,161247.5735,0.061,137722.7688,0.061,109978.908,0.061,77854.78221,0.061,42834.89601,0.061,171631.4741,0.061,149974.732,0.061,124409.6633,0.061,94428.5206,0.061,60507.82435
0.062,181268.2875,0.062,161294.029,0.062,137760.6719,0.062,110005.0307,0.062,77863.3889,0.062,42813.15472,0.062,171681.4016,0.062,150017.221,0.062,124442.1909,0.062,94446.85582,0.062,60503.77015
0.063,181321.7392,0.063,161340.8764,0.063,137798.8803,0.063,110031.3285,0.063,77871.95612,0.063,42790.95965,0.063,171731.7541,0.063,150060.0625,0.063,124474.9659,0.063,94465.27361,0.063,60499.50843
0.064,181375.6212,0.064,161388.0951,0.064,137837.3764,0.064,110057.7874,0.064,77880.47409,0.064,42768.3059,0.064,171782.5099,0.064,150103.2375,0.064,124507.9725,0.064,94483.76205,0.064,60495.03172
0.065,181429.9102,0.065,161435.6643,0.065,137876.1424,0.065,110084.3933,0.065,77888.93281,0.065,42745.18849,0.065,171833.6466,0.065,150146.7265,0.065,124541.1946,0.065,94502.30894,0.065,60490.33236
0.066,181484.582,0.066,161483.5623,0.066,137915.16,0.066,110111.1314,0.066,77897.32204,0.066,42721.60234,0.066,171885.1413,0.066,150190.5095,0.066,124574.6155,0.066,94520.90179,0.066,60485.40255
0.067,181539.6118,0.067,161531.7672,0.067,137954.4102,0.067,110137.9869,0.067,77905.63135,0.067,42697.54231,0.067,171936.9707,0.067,150234.566,0.067,124608.2184,0.067,94539.52781,0.067,60480.23433
0.068,181594.9743,0.068,161580.2566,0.068,137993.8741,0.068,110164.9444,0.068,77913.85004,0.068,42673.00317,0.068,171989.1108,0.068,150278.8752,0.068,124641.9859,0.068,94558.17392,0.068,60474.81957
0.069,181650.6437,0.069,161629.0073,0.069,138033.5318,0.069,110191.9884,0.069,77921.9672,0.069,42647.97961,0.069,172041.537,0.069,150323.4155,0.069,124675.9003,0.069,94576.82678,0.069,60469.14998
0.07,181706.5933,0.07,161677.9957,0.07,138073.3633,0.07,110219.1029,0.07,77929.97168,0.07,42622.46624,0.07,172094.2242,0.07,150368.1651,0.07,124709.9435,0.07,94595.4727,0.07,60463.21711
0.071,181762.7962,0.071,161727.1978,0.071,138113.3481,0.071,110246.2714,0.071,77937.85211,0.071,42596.45761,0.071,172147.1468,0.071,150413.1016,0.071,124744.0969,0.071,94614.09775,0.071,60457.01235
0.072,181819.2246,0.072,161776.589,0.072,138153.465,0.072,110273.4773,0.072,77945.59687,0.072,42569.94817,0.072,172200.2786,0.072,150458.202,0.072,124778.3415,0.072,94632.68766,0.072,60450.52694
0.073,181875.8502,0.073,161826.1439,0.073,138193.6927,0.073,110300.7036,0.073,77953.19412,0.073,42542.93232,0.073,172253.5926,0.073,150503.4429,0.073,124812.658,0.073,94651.22789,0.073,60443.75194
0.074,181932.644,0.074,161875.837,0.074,138234.0091,0.074,110327.9328,0.074,77960.63179,0.074,42515.40437,0.074,172307.0616,0.074,150548.8005,0.074,124847.0267,0.074,94669.7036,0.074,60436.67827
0.075,181989.5766,0.075,161925.642,0.075,138274.392,0.075,110355.1472,0.075,77967.89758,0.075,42487.35858,0.075,172360.6576,0.075,150594.2504,0.075,124881.4273,0.075,94688.09964,0.075,60429.29669
0.076,182046.6178,0.076,161975.532,0.076,138314.8184,0.076,110382.3286,0.076,77974.97896,0.076,42458.78914,0.076,172414.3519,0.076,150639.7675,0.076,124915.8393,0.076,94706.40058,0.076,60421.5978
0.077,182103.7368,0.077,162025.4797,0.077,138355.2652,0.077,110409.4586,0.077,77981.86317,0.077,42429.69017,0.077,172468.1157,0.077,150685.3266,0.077,124950.2417,0.077,94724.59068,0.077,60413.57206
0.078,182160.9024,0.078,162075.4573,0.078,138395.7085,0.078,110436.5184,0.078,77988.53722,0.078,42400.05573,0.078,172521.9191,0.078,150730.9017,0.078,124984.6131,0.078,94742.65394,0.078,60405.20975
0.079,182218.0826,0.079,162125.4363,0.079,138436.1241,0.079,110463.4888,0.079,77994.98791,0.079,42369.87984,0.079,172575.7319,0.079,150776.4665,0.079,125018.9317,0.079,94760.57402,0.079,60396.50105
0.08,182275.2449,0.08,162175.3879,0.08,138476.4874,0.08,110490.3502,0.08,78001.2018,0.08,42339.15644,0.08,172629.5232,0.08,150821.994,0.08,125053.1753,0.08,94778.33434,0.08,60387.43596
0.081,182332.356,0.081,162225.2825,0.081,138516.7733,0.081,110517.0828,0.081,78007.16526,0.081,42307.87943,0.081,172683.2618,0.081,150867.4568,0.081,125087.3213,0.081,94795.91801,0.081,60378.00434
0.082,182389.3824,0.082,162275.0902,0.082,138556.9563,0.082,110543.6664,0.082,78012.86442,0.082,42276.04268,0.082,172736.9157,0.082,150912.8272,0.082,125121.3466,0.082,94813.30786,0.082,60368.19593
0.083,182446.2896,0.083,162324.7804,0.083,138597.0104,0.083,110570.0804,0.083,78018.2852,0.083,42243.64,0.083,172790.4524,0.083,150958.0767,0.083,125155.2281,0.083,94830.48644,0.083,60358.00032
0.084,182503.0428,0.084,162374.3222,0.084,138636.9091,0.084,110596.304,0.084,78023.41334,0.084,42210.66517,0.084,172843.8388,0.084,151003.1766,0.084,125188.9417,0.084,94847.43604,0.084,60347.40697
0.085,182559.6065,0.085,162423.6841,0.085,138676.6257,0.085,110622.316,0.085,78028.23435,0.085,42177.11191,0.085,172897.0414,0.085,151048.0976,0.085,125222.4635,0.085,94864.13867,0.085,60336.40523
0.086,182615.9447,0.086,162472.8339,0.086,138716.1329,0.086,110648.0947,0.086,78032.73355,0.086,42142.97395,0.086,172950.0261,0.086,151092.8099,0.086,125255.7689,0.086,94880.57609,0.086,60324.98432
0.087,182672.0209,0.087,162521.7393,0.087,138755.4031,0.087,110673.6185,0.087,78036.89607,0.087,42108.24498,0.087,173002.7583,0.087,151137.2834,0.087,125288.8329,0.087,94896.72978,0.087,60313.13333
0.088,182727.7979,0.088,162570.3672,0.088,138794.4081,0.088,110698.8652,0.088,78040.70685,0.088,42072.91864,0.088,173055.2028,0.088,151181.4874,0.088,125321.6305,0.088,94912.58099,0.088,60300.84125
0.089,182783.2381,0.089,162618.6842,0.089,138833.1196,0.089,110723.8122,0.089,78044.15066,0.089,42036.98859,0.089,173107.324,0.089,151225.3909,0.089,125354.1359,0.089,94928.11072,0.089,60288.09697
0.09,182838.3034,0.09,162666.6564,0.09,138871.5087,0.09,110748.4369,0.09,78047.21209,0.09,42000.44847,0.09,173159.0858,0.09,151268.9623,0.09,125386.3233,0.09,94943.29971,0.09,60274.88926
0.091,182892.9551,0.091,162714.2495,0.091,138909.5462,0.091,110772.7162,0.091,78049.87556,0.091,41963.29191,0.091,173210.4516,0.091,151312.1698,0.091,125418.1664,0.091,94958.12852,0.091,60261.20683
0.092,182947.154,0.092,162761.4285,0.092,138947.2024,0.092,110796.6269,0.092,78052.12532,0.092,41925.51253,0.092,173261.3844,0.092,151354.9811,0.092,125449.6385,0.092,94972.57744,0.092,60247.03827
0.093,183000.8606,0.093,162808.1585,0.093,138984.4476,0.093,110820.1453,0.093,78053.94549,0.093,41887.10398,0.093,173311.8466,0.093,151397.3634,0.093,125480.7129,0.093,94986.62657,0.093,60232.37209
0.094,183054.0348,0.094,162854.4037,0.094,139021.2513,0.094,110843.2477,0.094,78055.32003,0.094,41848.05989,0.094,173361.8003,0.094,151439.2838,0.094,125511.3622,0.094,95000.25579,0.094,60217.19675
0.095,183106.636,0.095,162900.1281,0.095,139057.5831,0.095,110865.9099,0.095,78056.23276,0.095,41808.37392,0.095,173411.2072,0.095,151480.7088,0.095,125541.5591,0.095,95013.44482,0.095,60201.50061
0.096,183158.6233,0.096,162945.2954,0.096,139093.412,0.096,110888.1078,0.096,78056.66738,0.096,41768.03976,0.096,173460.0285,0.096,151521.6047,0.096,125571.2757,0.096,95026.17314,0.096,60185.27199
0.097,183209.9554,0.097,162989.8688,0.097,139128.7068,0.097,110909.8166,0.097,78056.60747,0.097,41727.05111,0.097,173508.225,0.097,151561.9372,0.097,125600.484,0.097,95038.42011,0.097,60168.49915
0.098,183260.5905,0.098,163033.8114,0.098,139163.436,0.098,110931.0118,0.098,78056.03648,0.098,41685.40173,0.098,173555.7572,0.098,151601.6721,0.098,125629.1558,0.098,95050.16488,0.098,60151.1703
0.099,183310.4866,0.099,163077.0855,0.099,139197.5678,0.099,110951.6684,0.099,78054.93778,0.099,41643.08538,0.099,173602.5854,0.099,151640.7747,0.099,125657.2625,0.099,95061.38647,0.099,60133.27363
0.1,183359.6012,0.1,163119.6537,0.1,139231.0703,0.1,110971.7612,0.1,78053.29465,0.1,41600.0959,0.1,173648.6693,0.1,151679.2098,0.1,125684.7754,0.1,95072.06375,0.1,60114.79726
0.101,183407.8914,0.101,163161.4778,0.101,139263.9111,0.101,110991.265,0.101,78051.09027,0.101,41556.42717,0.101,173693.9684,0.101,151716.9423,0.101,125711.6655,0.101,95082.17546,0.101,60095.72934
0.102,183455.3144,0.102,163202.5197,0.102,139296.0578,0.102,111010.1543,0.102,78048.30776,0.102,41512.07312,0.102,173738.442,0.102,151753.9367,0.102,125737.9037,0.102,95091.70023,0.102,60076.05796
0.103,183501.8266,0.103,163242.7408,0.103,139327.4778,0.103,111028.4036,0.103,78044.93018,0.103,41467.02776,0.103,173782.049,0.103,151790.1572,0.103,125763.4607,0.103,95100.61657,0.103,60055.77123
0.104,183547.3844,0.104,163282.1024,0.104,139358.1382,0.104,111045.987,0.104,78040.94052,0.104,41421.28515,0.104,173824.7482,0.104,151825.5679,0.104,125788.3071,0.104,95108.9029,0.104,60034.85727
0.105,183591.9442,0.105,163320.5655,0.105,139388.0059,0.105,111062.8789,0.105,78036.32177,0.105,41374.83946,0.105,173866.498,0.105,151860.1327,0.105,125812.4132,0.105,95116.53757,0.105,60013.30418
0.106,183635.4617,0.106,163358.0912,0.106,139417.0477,0.106,111079.0531,0.106,78031.05685,0.106,41327.68492,0.106,173907.2569,0.106,151893.8154,0.106,125835.7492,0.106,95123.49885,0.106,59991.10011
0.107,183677.8928,0.107,163394.64,0.107,139445.2305,0.107,111094.4838,0.107,78025.12869,0.107,41279.81585,0.107,173946.9829,0.107,151926.5794,0.107,125858.2855,0.107,95129.76497,0.107,59968.23325
0.108,183719.1932,0.108,163430.1727,0.108,139472.5208,0.108,111109.1448,0.108,78018.52023,0.108,41231.22667,0.108,173985.6341,0.108,151958.3884,0.108,125879.9919,0.108,95135.31412,0.108,59944.69181
0.109,183759.3183,0.109,163464.6498,0.109,139498.8851,0.109,111123.0101,0.109,78011.21439,0.109,41181.91192,0.109,174023.1683,0.109,151989.2056,0.109,125900.8386,0.109,95140.12447,0.109,59920.46405
0.11,183798.2236,0.11,163498.0316,0.11,139524.29,0.11,111136.0535,0.11,78003.19412,0.11,41131.86624,0.11,174059.5435,0.11,152018.9943,0.11,125920.7956,0.11,95144.17418,0.11,59895.53831
0.111,183835.8645,0.111,163530.2786,0.111,139548.7018,0.111,111148.2488,0.111,77994.44244,0.111,41081.08438,0.111,174094.7173,0.111,152047.7179,0.111,125939.8327,0.111,95147.44143,0.111,59869.903
0.112,183872.1963,0.112,163561.3512,0.112,139572.0869,0.112,111159.5699,0.112,77984.94237,0.112,41029.56124,0.112,174128.6475,0.112,152075.3396,0.112,125957.9199,0.112,95149.90443,0.112,59843.5466
0.113,183907.1743,0.113,163591.2098,0.113,139594.412,0.113,111169.9906,0.113,77974.67704,0.113,40977.29182,0.113,174161.292,0.113,152101.8227,0.113,125975.0273,0.113,95151.54143,0.113,59816.45769
0.114,183940.7541,0.114,163619.8147,0.114,139615.6434,0.114,111179.485,0.114,77963.62964,0.114,40924.2713,0.114,174192.6084,0.114,152127.1304,0.114,125991.1248,0.114,95152.33074,0.114,59788.62498
0.115,183972.8911,0.115,163647.1266,0.115,139635.7477,0.115,111188.0271,0.115,77951.78346,0.115,40870.49498,0.115,174222.5548,0.115,152151.2262,0.115,126006.1825,0.115,95152.25077,0.115,59760.03725
0.116,184003.5408,0.116,163673.1059,0.116,139654.6916,0.116,111195.591,0.116,77939.12189,0.116,40815.95831,0.116,174251.089,0.116,152174.0736,0.116,126020.1707,0.116,95151.28,0.116,59730.68345
0.117,184032.6591,0.117,163697.7135,0.117,139672.4419,0.117,111202.1509,0.117,77925.62848,0.117,40760.65693,0.117,174278.1693,0.117,152195.6362,0.117,126033.0597,0.117,95149.39709,0.117,59700.55266
0.118,184060.202,0.118,163720.9103,0.118,139688.9655,0.118,111207.6812,0.118,77911.28688,0.118,40704.58663,0.118,174303.7539,0.118,152215.8778,0.118,126044.8199,0.118,95146.58076,0.118,59669.63411
0.119,184086.1255,0.119,163742.6575,0.119,139704.2296,0.119,111212.1565,0.119,77896.08094,0.119,40647.74338,0.119,174327.8015,0.119,152234.7624,0.119,126055.4219,0.119,95142.80998,0.119,59637.9172
0.12,184110.3863,0.12,163762.9164,0.12,139718.2017,0.12,111215.5515,0.12,77879.99466,0.12,40590.12333,0.12,174350.2708,0.12,152252.2542,0.12,126064.8367,0.12,95138.06383,0.12,59605.39149
0.121,184132.9411,0.121,163781.6487,0.121,139730.8492,0.121,111217.8412,0.121,77863.01226,0.121,40531.72284,0.121,174371.121,0.121,152268.3177,0.121,126073.0354,0.121,95132.32164,0.121,59572.04677
0.122,184153.747,0.122,163798.8165,0.122,139742.1401,0.122,111219.0008,0.122,77845.11814,0.122,40472.53845,0.122,174390.3115,0.122,152282.9178,0.122,126079.9893,0.122,95125.56296,0.122,59537.87299
0.123,184172.7616,0.123,163814.3821,0.123,139752.0427,0.123,111219.0058,0.123,77826.29696,0.123,40412.56693,0.123,174407.8023,0.123,152296.0195,0.123,126085.67,0.123,95117.76757,0.123,59502.86036
0.124,184189.9429,0.124,163828.3083,0.124,139760.5255,0.124,111217.832,0.124,77806.53362,0.124,40351.80523,0.124,174423.5535,0.124,152307.5885,0.124,126090.0495,0.124,95108.91554,0.124,59466.99928
0.125,184205.2496,0.125,163840.5584,0.125,139767.5576,0.125,111215.4556,0.125,77785.81329,0.125,40290.25055,0.125,174437.526,0.125,152317.5907,0.125,126093.1003,0.125,95098.98725,0.125,59430.28043
0.126,184218.6405,0.126,163851.096,0.126,139773.1082,0.126,111211.8529,0.126,77764.12141,0.126,40227.90032,0.126,174449.6811,0.126,152325.9925,0.126,126094.795,0.126,95087.96336,0.126,59392.69472
0.127,184230.0754,0.127,163859.8855,0.127,139777.1473,0.127,111207.0008,0.127,77741.44375,0.127,40164.75219,0.127,174459.9806,0.127,152332.7608,0.127,126095.1067,0.127,95075.8249,0.127,59354.23335
0.128,184239.5147,0.128,163866.8915,0.128,139779.6452,0.128,111200.8767,0.128,77717.76639,0.128,40100.80405,0.128,174468.387,0.128,152337.863,0.128,126094.0091,0.128,95062.55327,0.128,59314.88779
0.129,184246.9191,0.129,163872.0797,0.129,139780.5728,0.129,111193.4582,0.129,77693.07575,0.129,40036.05406,0.129,174474.8633,0.129,152341.2672,0.129,126091.4764,0.129,95048.13024,0.129,59274.64982
0.13,184252.2506,0.13,163875.416,0.13,139779.9015,0.13,111184.7234,0.13,77667.35862,0.13,39970.50063,0.13,174479.3734,0.13,152342.942,0.13,126087.483,0.13,95032.53802,0.13,59233.51152
0.131,184255.4717,0.131,163876.8673,0.131,139777.6035,0.131,111174.6511,0.131,77640.60217,0.131,39904.14242,0.131,174481.8818,0.131,152342.8567,0.131,126082.0041,0.131,95015.75924,0.131,59191.4653
0.132,184256.5456,0.132,163876.4012,0.132,139773.6514,0.132,111163.2204,0.132,77612.79397,0.132,39836.97838,0.132,174482.3539,0.132,152340.9813,0.132,126075.0156,0.132,94997.77699,0.132,59148.5039
0.133,184255.4366,0.133,163873.9859,0.133,139768.0186,0.133,111150.4111,0.133,77583.92199,0.133,39769.00771,0.133,174480.7559,0.133,152337.2865,0.133,126066.4937,0.133,94978.57488,0.133,59104.62042
0.134,184252.1098,0.134,163869.5907,0.134,139760.6793,0.134,111136.2035,0.134,77553.97468,0.134,39700.2299,0.134,174477.0549,0.134,152331.7438,0.134,126056.4156,0.134,94958.13699,0.134,59059.80832
0.135,184246.5316,0.135,163863.1855,0.135,139751.6082,0.135,111120.5785,0.135,77522.9409,0.135,39630.64475,0.135,174471.2187,0.135,152324.3255,0.135,126044.7589,0.135,94936.44796,0.135,59014.06143
0.136,184238.6689,0.136,163854.7414,0.136,139740.781,0.136,111103.5178,0.136,77490.81001,0.136,39560.25231,0.136,174463.2166,0.136,152315.0048,0.136,126031.502,0.136,94913.49297,0.136,58967.37397
0.137,184228.4901,0.137,163844.2303,0.137,139728.1742,0.137,111085.0036,0.137,77457.57185,0.137,39489.05296,0.137,174453.0183,0.137,152303.7558,0.137,126016.6242,0.137,94889.25781,0.137,58919.74055
0.138,184215.9646,0.138,163831.6252,0.138,139713.7651,0.138,111065.0189,0.138,77423.21678,0.138,39417.04736,0.138,174440.5951,0.138,152290.5535,0.138,126000.1054,0.138,94863.72884,0.138,58871.15621
0.139,184201.063,0.139,163816.8999,0.139,139697.532,0.139,111043.5472,0.139,77387.73568,0.139,39344.23649,0.139,174425.919,0.139,152275.3738,0.139,125981.9262,0.139,94836.89307,0.139,58821.61638
0.14,184183.7569,0.14,163800.0296,0.14,139679.4539,0.14,111020.5731,0.14,77351.11996,0.14,39270.62162,0.14,174408.9635,0.14,152258.1938,0.14,125962.0685,0.14,94808.73815,0.14,58771.11697
0.141,184164.0195,0.141,163780.9904,0.141,139659.511,0.141,110996.0816,0.141,77313.3616,0.141,39196.20434,0.141,174389.703,0.141,152238.9914,0.141,125940.5145,0.141,94779.25239,0.141,58719.65427
0.142,184141.825,0.142,163759.7597,0.142,139637.6845,0.142,110970.0589,0.142,77274.45316,0.142,39120.98657,0.142,174368.1133,0.142,152217.7458,0.142,125917.2478,0.142,94748.42479,0.142,58667.22507
0.143,184117.1492,0.143,163736.3159,0.143,139613.9563,0.143,110942.4916,0.143,77234.38778,0.143,39044.97051,0.143,174344.1714,0.143,152194.4372,0.143,125892.2526,0.143,94716.24507,0.143,58613.8266
0.144,184089.969,0.144,163710.639,0.144,139588.3098,0.144,110913.3674,0.144,77193.15918,0.144,38968.15871,0.144,174317.8557,0.144,152169.0469,0.144,125865.5141,0.144,94682.70366,0.144,58559.45655
0.145,184060.2631,0.145,163682.7098,0.145,139560.7291,0.145,110882.6749,0.145,77150.76172,0.145,38890.55402,0.145,174289.1458,0.145,152141.5576,0.145,125837.0185,0.145,94647.79175,0.145,58504.11311
0.146,184028.0113,0.146,163652.5107,0.146,139531.1996,0.146,110850.4034,0.146,77107.19039,0.146,38812.15962,0.146,174258.0228,0.146,152111.9528,0.146,125806.7532,0.146,94611.50126,0.146,58447.79493
0.147,183993.195,0.147,163620.0254,0.147,139499.7079,0.147,110816.5432,0.147,77062.44078,0.147,38732.97901,0.147,174224.4692,0.147,152080.2177,0.147,125774.7064,0.147,94573.82491,0.147,58390.50115
0.148,183955.7971,0.148,163585.2388,0.148,139466.2415,0.148,110781.0856,0.148,77016.50918,0.148,38653.01601,0.148,174188.4689,0.148,152046.3384,0.148,125740.8672,0.148,94534.75621,0.148,58332.23141
0.149,183915.8022,0.149,163548.1374,0.149,139430.7893,0.149,110744.0226,0.149,76969.39247,0.149,38572.27475,0.149,174150.0072,0.149,152010.3024,0.149,125705.2262,0.149,94494.28946,0.149,58272.98586
0.15,183873.1964,0.15,163508.7088,0.15,139393.3414,0.15,110705.3474,0.15,76921.08827,0.15,38490.75968,0.15,174109.071,0.15,151972.0987,0.15,125667.7747,0.15,94452.41977,0.15,58212.76513
0.151,183827.9672,0.151,163466.9424,0.151,139353.8889,0.151,110665.0541,0.151,76871.59481,0.151,38408.47558,0.151,174065.6488,0.151,151931.7173,0.151,125628.5052,0.151,94409.14309,0.151,58151.57038
0.152,183780.104,0.152,163422.8288,0.152,139312.4243,0.152,110623.1378,0.152,76820.91103,0.152,38325.42753,0.152,174019.7304,0.152,151889.1497,0.152,125587.4115,0.152,94364.45619,0.152,58089.40325
0.153,183729.5978,0.153,163376.36,0.153,139268.9414,0.153,110579.5943,0.153,76769.03654,0.153,38241.62092,0.153,173971.3074,0.153,151844.3888,0.153,125544.4882,0.153,94318.3567,0.153,58026.26591
0.154,183676.4411,0.154,163327.5298,0.154,139223.4351,0.154,110534.4209,0.154,76715.97165,0.154,38157.06146,0.154,173920.3727,0.154,151797.4287,0.154,125499.7313,0.154,94270.84308,0.154,57962.16104
0.155,183620.6282,0.155,163276.333,0.155,139175.9017,0.155,110487.6155,0.155,76661.71734,0.155,38071.75514,0.155,173866.9211,0.155,151748.2652,0.155,125453.1378,0.155,94221.91464,0.155,57897.09182
0.156,183562.1551,0.156,163222.7665,0.156,139126.3387,0.156,110439.1771,0.156,76606.27529,0.156,37985.70827,0.156,173810.9487,0.156,151696.8952,0.156,125404.7059,0.156,94171.57159,0.156,57831.06194
0.157,183501.0194,0.157,163166.8281,0.157,139074.745,0.157,110389.1059,0.157,76549.64789,0.157,37898.92745,0.157,173752.4535,0.157,151643.3171,0.157,125354.435,0.157,94119.81494,0.157,57764.07561
0.158,183437.2205,0.158,163108.5176,0.158,139021.1205,0.158,110337.403,0.158,76491.83819,0.158,37811.41955,0.158,173691.4348,0.158,151587.5307,0.158,125302.3255,0.158,94066.64661,0.158,57696.13753
0.159,183370.7595,0.159,163047.836,0.159,138965.4668,0.159,110284.0704,0.159,76432.84994,0.159,37723.19175,0.159,173627.8938,0.159,151529.5372,0.159,125248.3791,0.159,94012.06934,0.159,57627.25291
0.16,183301.6391,0.16,162984.7861,0.16,138907.7864,0.16,110229.1112,0.16,76372.6876,0.16,37634.25147,0.16,173561.8332,0.16,151469.3392,0.16,125192.5987,0.16,93956.08677,0.16,57557.42744
0.161,183229.8639,0.161,162919.3718,0.161,138848.0834,0.161,110172.5296,0.161,76311.35628,0.161,37544.60643,0.161,173493.2572,0.161,151406.9409,0.161,125134.9881,0.161,93898.70337,0.161,57486.66732
0.162,183155.4399,0.162,162851.599,0.162,138786.3629,0.162,110114.3307,0.162,76248.86178,0.162,37454.26458,0.162,173422.1718,0.162,151342.3475,0.162,125075.5527,0.162,93839.92445,0.162,57414.97922
0.163,183078.375,0.163,162781.4747,0.163,138722.6316,0.163,110054.5207,0.163,76185.21057,0.163,37363.23415,0.163,173348.5844,0.163,151275.566,0.163,125014.2985,0.163,93779.7562,0.163,57342.3703
0.164,182998.6789,0.164,162709.0076,0.164,138656.8971,0.164,109993.1066,0.164,76120.40978,0.164,37271.52358,0.164,173272.5042,0.164,151206.6045,0.164,124951.2331,0.164,93718.20561,0.164,57268.84818
0.165,182916.3626,0.165,162634.2077,0.165,138589.1685,0.165,109930.0966,0.165,76054.46719,0.165,37179.14159,0.165,173193.9418,0.165,151135.4726,0.165,124886.365,0.165,93655.28051,0.165,57194.42094
0.166,182831.439,0.166,162557.0868,0.166,138519.4561,0.166,109865.4998,0.166,75987.39124,0.166,37086.09707,0.166,173112.9094,0.166,151062.1812,0.166,124819.7038,0.166,93590.98956,0.166,57119.09711
0.167,182743.9226,0.167,162477.6578,0.167,138447.7714,0.167,109799.3262,0.167,75919.19097,0.167,36992.39917,0.167,173029.4208,0.167,150986.7425,0.167,124751.2602,0.167,93525.34219,0.167,57042.88567
0.168,182653.8294,0.168,162395.9351,0.168,138374.1271,0.168,109731.5868,0.168,75849.87608,0.168,36898.05722,0.168,172943.4913,0.168,150909.1703,0.168,124681.0461,0.168,93458.34866,0.168,56965.79603
0.169,182561.1772,0.169,162311.9346,0.169,138298.537,0.169,109662.2935,0.169,75779.45685,0.169,36803.08076,0.169,172855.1376,0.169,150829.4793,0.169,124609.0744,0.169,93390.01998,0.169,56887.83801
0.17,182465.985,0.17,162225.6735,0.17,138221.0163,0.17,109591.4592,0.17,75707.94416,0.17,36707.47948,0.17,172764.378,0.17,150747.6856,0.17,124535.3591,0.17,93320.36792,0.17,56809.02184
0.171,182368.2736,0.171,162137.1704,0.171,138141.5811,0.171,109519.0975,0.171,75635.34948,0.171,36611.26329,0.171,172671.2321,0.171,150663.8068,0.171,124459.915,0.171,93249.40501,0.171,56729.35815
0.172,182268.0653,0.172,162046.4451,0.172,138060.2488,0.172,109445.223,0.172,75561.68483,0.172,36514.44222,0.172,172575.7211,0.172,150577.8615,0.172,124382.7581,0.172,93177.1445,0.172,56648.85794
0.173,182165.3835,0.173,161953.5189,0.173,137977.0378,0.173,109369.8513,0.173,75486.96278,0.173,36417.02649,0.173,172477.8673,0.173,150489.8694,0.173,124303.9054,0.173,93103.60033,0.173,56567.53258
0.174,182060.2535,0.174,161858.4142,0.174,137891.9674,0.174,109292.9984,0.174,75411.19643,0.174,36319.02641,0.174,172377.6945,0.174,150399.8516,0.174,124223.3748,0.174,93028.78714,0.174,56485.39381
0.175,181952.7017,0.175,161761.1546,0.175,137805.0583,0.175,109214.6815,0.175,75334.3994,0.175,36220.45246,0.175,172275.2279,0.175,150307.8302,0.175,124141.185,0.175,92952.72023,0.175,56402.45368
0.176,181842.7557,0.176,161661.7649,0.176,137716.332,0.176,109134.9184,0.176,75256.58578,0.176,36121.3152,0.176,172170.4937,0.176,150213.8283,0.176,124057.3558,0.176,92875.41556,0.176,56318.72457
0.177,181730.4448,0.177,161560.2712,0.177,137625.8108,0.177,109053.7278,0.177,75177.77016,0.177,36021.62532,0.177,172063.5197,0.177,150117.8704,0.177,123971.9077,0.177,92796.88968,0.177,56234.21919
0.178,181615.7991,0.178,161456.7005,0.178,137533.5183,0.178,108971.1288,0.178,75097.96758,0.178,35921.39359,0.178,171954.3344,0.178,150019.9816,0.178,123884.8622,0.178,92717.15975,0.178,56148.95051
0.179,181498.8503,0.179,161351.0809,0.179,137439.4787,0.179,108887.1416,0.179,75017.19348,0.179,35820.63084,0.179,171842.9679,0.179,149920.1883,0.179,123796.2413,0.179,92636.24351,0.179,56062.9318
0.18,181379.631,0.18,161243.4417,0.18,137343.7172,0.18,108801.7867,0.18,74935.46377,0.18,35719.348,0.18,171729.451,0.18,149818.5176,0.18,123706.0682,0.18,92554.15923,0.18,55976.17657
0.181,181258.1749,0.181,161133.813,0.181,137246.2598,0.181,108715.0854,0.181,74852.79469,0.181,35617.55602,0.181,171613.8158,0.181,149714.9979,0.181,123614.3665,0.181,92470.92572,0.181,55888.69857
0.182,181134.5169,0.182,161022.2258,0.182,137147.1332,0.182,108627.0598,0.182,74769.2029,0.182,35515.26592,0.182,171496.0954,0.182,149609.658,0.182,123521.1606,0.182,92386.56227,0.182,55800.5118
0.183,181008.6928,0.183,160908.7123,0.183,137046.3651,0.183,108537.7322,0.183,74684.70539,0.183,35412.48872,0.183,171376.3237,0.183,149502.5278,0.183,123426.4756,0.183,92301.08864,0.183,55711.63045
0.184,180880.7395,0.184,160793.3051,0.184,136943.9836,0.184,108447.1257,0.184,74599.31946,0.184,35309.23549,0.184,171254.5357,0.184,149393.6379,0.184,123330.3373,0.184,92214.52505,0.184,55622.0689
0.185,180750.6946,0.185,160676.038,0.185,136840.0177,0.185,108355.2637,0.185,74513.06273,0.185,35205.51727,0.185,171130.7669,0.185,149283.0198,0.185,123232.7718,0.185,92126.89212,0.185,55531.84171
0.186,180618.5967,0.186,160556.9452,0.186,136734.497,0.186,108262.1705,0.186,74425.95311,0.186,35101.34513,0.186,171005.0541,0.186,149170.7053,0.186,123133.8062,0.186,92038.21085,0.186,55440.9636
0.187,180484.4851,0.187,160436.062,0.187,136627.4515,0.187,108167.8703,0.187,74338.00877,0.187,34996.73009,0.187,170877.4344,0.187,149056.7273,0.187,123033.4678,0.187,91948.50262,0.187,55349.44942
0.188,180348.4,0.188,160313.424,0.188,136518.912,0.188,108072.388,0.188,74249.24808,0.188,34891.68315,0.188,170747.946,0.188,148941.1191,0.188,122931.7845,0.188,91857.78914,0.188,55257.31416
0.189,180210.382,0.189,160189.0677,0.189,136408.9097,0.189,107975.7491,0.189,74159.68968,0.189,34786.21528,0.189,170616.6273,0.189,148823.9145,0.189,122828.7846,0.189,91766.09242,0.189,55164.57291
0.19,180070.4727,0.19,160063.0298,0.19,136297.4763,0.19,107877.979,0.19,74069.35237,0.19,34680.33739,0.19,170483.5178,0.19,148705.148,0.19,122724.4969,0.19,91673.43475,0.19,55071.24084
0.191,179928.714,0.191,159935.3479,0.191,136184.6439,0.191,107779.1036,0.191,73978.25513,0.191,34574.06032,0.191,170348.6572,0.191,148584.8544,0.191,122618.9505,0.191,91579.83868,0.191,54977.33322
0.192,179785.1485,0.192,159806.0599,0.192,136070.445,0.192,107679.1494,0.192,73886.41709,0.192,34467.39485,0.192,170212.0858,0.192,148463.0691,0.192,122512.1749,0.192,91485.32697,0.192,54882.86535
0.193,179639.8192,0.193,159675.2042,0.193,135954.9125,0.193,107578.1426,0.193,73793.8575,0.193,34360.35166,0.193,170073.8444,0.193,148339.8277,0.193,122404.1999,0.193,91389.9226,0.193,54787.8526
0.194,179492.7695,0.194,159542.8193,0.194,135838.0795,0.194,107476.1101,0.194,73700.59573,0.194,34252.94135,0.194,169933.9742,0.194,148215.1664,0.194,122295.0556,0.194,91293.64872,0.194,54692.31034
0.195,179344.0434,0.195,159408.9445,0.195,135719.9795,0.195,107373.0787,0.195,73606.65125,0.195,34145.17441,0.195,169792.5167,0.195,148089.1214,0.195,122184.7722,0.195,91196.5286,0.195,54596.25398
0.196,179193.6848,0.196,159273.619,0.196,135600.6462,0.196,107269.0756,0.196,73512.04355,0.196,34037.06122,0.196,169649.5137,0.196,147961.7294,0.196,122073.3803,0.196,91098.58566,0.196,54499.69891
0.197,179041.7384,0.197,159136.8823,0.197,135480.1134,0.197,107164.1279,0.197,73416.79221,0.197,33928.61201,0.197,169505.0074,0.197,147833.0272,0.197,121960.9105,0.197,90999.84341,0.197,54402.66051
0.198,178888.2486,0.198,158998.7743,0.198,135358.4152,0.198,107058.2629,0.198,73320.91683,0.198,33819.83693,0.198,169359.04,0.198,147703.0518,0.198,121847.3937,0.198,90900.32543,0.198,54305.15412
0.199,178733.2605,0.199,158859.3349,0.199,135235.5858,0.199,106951.5082,0.199,73224.437,0.199,33710.74594,0.199,169211.6541,0.199,147571.8405,0.199,121732.8607,0.199,90800.05533,0.199,54207.19504
0.2,178576.8189,0.2,158718.6042,0.2,135111.6594,0.2,106843.891,0.2,73127.37231,0.2,33601.34887,0.2,169062.8922,0.2,147439.4305,0.2,121617.3426,0.2,90699.05679,0.2,54108.79854
