Vin,Vout_TT(Reference_corner)
-0.0002,1.06E-08
-0.000199,1.06E-08
-0.000198,1.06E-08
-0.000197,1.06E-08
-0.000196,1.06E-08
-0.000195,1.06E-08
-0.000194,1.05E-08
-0.000193,1.05E-08
-0.000192,1.05E-08
-0.000191,1.05E-08
-0.00019,1.05E-08
-0.000189,1.05E-08
-0.000188,1.05E-08
-0.000187,1.05E-08
-0.000186,1.04E-08
-0.000185,1.04E-08
-0.000184,1.04E-08
-0.000183,1.04E-08
-0.000182,1.04E-08
-0.000181,1.04E-08
-0.00018,1.04E-08
-0.000179,1.04E-08
-0.000178,1.04E-08
-0.000177,1.03E-08
-0.000176,1.03E-08
-0.000175,1.03E-08
-0.000174,1.03E-08
-0.000173,1.03E-08
-0.000172,1.03E-08
-0.000171,1.03E-08
-0.00017,1.03E-08
-0.000169,1.02E-08
-0.000168,1.02E-08
-0.000167,1.02E-08
-0.000166,1.02E-08
-0.000165,1.02E-08
-0.000164,1.02E-08
-0.000163,1.02E-08
-0.000162,1.01E-08
-0.000161,1.01E-08
-0.00016,1.01E-08
-0.000159,1.01E-08
-0.000158,1.01E-08
-0.000157,1.01E-08
-0.000156,1.01E-08
-0.000155,1.01E-08
-0.000154,1.00E-08
-0.000153,1.00E-08
-0.000152,1.00E-08
-0.000151,1.00E-08
-0.00015,9.98E-09
-0.000149,9.97E-09
-0.000148,9.96E-09
-0.000147,9.94E-09
-0.000146,9.93E-09
-0.000145,9.91E-09
-0.000144,9.90E-09
-0.000143,9.88E-09
-0.000142,9.87E-09
-0.000141,9.85E-09
-0.00014,9.84E-09
-0.000139,9.82E-09
-0.000138,9.81E-09
-0.000137,9.79E-09
-0.000136,9.78E-09
-0.000135,9.76E-09
-0.000134,9.75E-09
-0.000133,9.73E-09
-0.000132,9.72E-09
-0.000131,9.70E-09
-0.00013,9.68E-09
-0.000129,9.67E-09
-0.000128,9.65E-09
-0.000127,9.64E-09
-0.000126,9.62E-09
-0.000125,9.60E-09
-0.000124,9.59E-09
-0.000123,9.57E-09
-0.000122,9.55E-09
-0.000121,9.54E-09
-0.00012,9.52E-09
-0.000119,9.50E-09
-0.000118,9.49E-09
-0.000117,9.47E-09
-0.000116,9.45E-09
-0.000115,9.43E-09
-0.000114,9.42E-09
-0.000113,9.40E-09
-0.000112,9.38E-09
-0.000111,9.36E-09
-0.00011,9.34E-09
-0.000109,9.32E-09
-0.000108,9.31E-09
-0.000107,9.29E-09
-0.000106,9.27E-09
-0.000105,9.25E-09
-0.000104,9.23E-09
-0.000103,9.21E-09
-0.000102,9.19E-09
-0.000101,9.17E-09
-0.0001,9.15E-09
-9.90E-05,9.13E-09
-9.80E-05,9.11E-09
-9.70E-05,9.09E-09
-9.60E-05,9.07E-09
-9.50E-05,9.05E-09
-9.40E-05,9.03E-09
-9.30E-05,9.01E-09
-9.20E-05,8.99E-09
-9.10E-05,8.97E-09
-9.00E-05,8.95E-09
-8.90E-05,8.93E-09
-8.80E-05,8.90E-09
-8.70E-05,8.88E-09
-8.60E-05,8.86E-09
-8.50E-05,8.84E-09
-8.40E-05,8.82E-09
-8.30E-05,8.79E-09
-8.20E-05,8.77E-09
-8.10E-05,8.75E-09
-8.00E-05,8.72E-09
-7.90E-05,8.70E-09
-7.80E-05,8.67E-09
-7.70E-05,8.65E-09
-7.60E-05,8.63E-09
-7.50E-05,8.60E-09
-7.40E-05,8.58E-09
-7.30E-05,8.55E-09
-7.20E-05,8.52E-09
-7.10E-05,8.50E-09
-7.00E-05,8.47E-09
-6.90E-05,8.45E-09
-6.80E-05,8.42E-09
-6.70E-05,8.39E-09
-6.60E-05,8.36E-09
-6.50E-05,8.34E-09
-6.40E-05,8.31E-09
-6.30E-05,8.28E-09
-6.20E-05,8.25E-09
-6.10E-05,8.22E-09
-6.00E-05,8.19E-09
-5.90E-05,8.16E-09
-5.80E-05,8.13E-09
-5.70E-05,8.10E-09
-5.60E-05,8.07E-09
-5.50E-05,8.04E-09
-5.40E-05,8.01E-09
-5.30E-05,7.97E-09
-5.20E-05,7.94E-09
-5.10E-05,7.91E-09
-5.00E-05,7.87E-09
-4.90E-05,7.84E-09
-4.80E-05,7.80E-09
-4.70E-05,7.76E-09
-4.60E-05,7.73E-09
-4.50E-05,7.69E-09
-4.40E-05,7.65E-09
-4.30E-05,7.61E-09
-4.20E-05,7.57E-09
-4.10E-05,7.53E-09
-4.00E-05,7.49E-09
-3.90E-05,7.45E-09
-3.80E-05,7.41E-09
-3.70E-05,7.36E-09
-3.60E-05,7.32E-09
-3.50E-05,7.27E-09
-3.40E-05,7.23E-09
-3.30E-05,7.18E-09
-3.20E-05,7.13E-09
-3.10E-05,7.08E-09
-3.00E-05,7.03E-09
-2.90E-05,6.97E-09
-2.80E-05,6.92E-09
-2.70E-05,6.86E-09
-2.60E-05,6.80E-09
-2.50E-05,6.74E-09
-2.40E-05,6.68E-09
-2.30E-05,6.62E-09
-2.20E-05,6.55E-09
-2.10E-05,6.48E-09
-2.00E-05,6.41E-09
-1.90E-05,6.34E-09
-1.80E-05,6.26E-09
-1.70E-05,6.18E-09
-1.60E-05,6.10E-09
-1.50E-05,6.01E-09
-1.40E-05,5.91E-09
-1.30E-05,5.81E-09
-1.20E-05,5.71E-09
-1.10E-05,5.59E-09
-1.00E-05,5.47E-09
-9.00E-06,5.34E-09
-8.00E-06,5.19E-09
-7.00E-06,5.03E-09
-6.00E-06,4.85E-09
-5.00E-06,4.65E-09
-4.00E-06,4.41E-09
-3.00E-06,4.11E-09
-2.00E-06,3.73E-09
-1.00E-06,3.13E-09
0,7.66E-10
1.00E-06,2.32E-06
2.00E-06,4.21E-06
3.00E-06,5.94E-06
4.00E-06,7.57E-06
5.00E-06,9.13E-06
6.00E-06,1.06E-05
7.00E-06,1.21E-05
8.00E-06,1.35E-05
9.00E-06,1.49E-05
1.00E-05,1.63E-05
1.10E-05,1.77E-05
1.20E-05,1.90E-05
1.30E-05,2.03E-05
1.40E-05,2.16E-05
1.50E-05,2.29E-05
1.60E-05,2.42E-05
1.70E-05,2.54E-05
1.80E-05,2.67E-05
1.90E-05,2.79E-05
2.00E-05,2.92E-05
2.10E-05,3.04E-05
2.20E-05,3.16E-05
2.30E-05,3.28E-05
2.40E-05,3.40E-05
2.50E-05,3.52E-05
2.60E-05,3.64E-05
2.70E-05,3.75E-05
2.80E-05,3.87E-05
2.90E-05,3.99E-05
3.00E-05,4.10E-05
3.10E-05,4.22E-05
3.20E-05,4.33E-05
3.30E-05,4.44E-05
3.40E-05,4.56E-05
3.50E-05,4.67E-05
3.60E-05,4.78E-05
3.70E-05,4.90E-05
3.80E-05,5.01E-05
3.90E-05,5.12E-05
4.00E-05,5.23E-05
4.10E-05,5.34E-05
4.20E-05,5.45E-05
4.30E-05,5.56E-05
4.40E-05,5.67E-05
4.50E-05,5.78E-05
4.60E-05,5.89E-05
4.70E-05,6.00E-05
4.80E-05,6.10E-05
4.90E-05,6.21E-05
5.00E-05,6.32E-05
5.10E-05,6.43E-05
5.20E-05,6.53E-05
5.30E-05,6.64E-05
5.40E-05,6.75E-05
5.50E-05,6.85E-05
5.60E-05,6.96E-05
5.70E-05,7.07E-05
5.80E-05,7.17E-05
5.90E-05,7.28E-05
6.00E-05,7.38E-05
6.10E-05,7.49E-05
6.20E-05,7.59E-05
6.30E-05,7.69E-05
6.40E-05,7.80E-05
6.50E-05,7.90E-05
6.60E-05,8.01E-05
6.70E-05,8.11E-05
6.80E-05,8.21E-05
6.90E-05,8.32E-05
7.00E-05,8.42E-05
7.10E-05,8.52E-05
7.20E-05,8.62E-05
7.30E-05,8.73E-05
7.40E-05,8.83E-05
7.50E-05,8.93E-05
7.60E-05,9.03E-05
7.70E-05,9.13E-05
7.80E-05,9.24E-05
7.90E-05,9.34E-05
8.00E-05,9.44E-05
8.10E-05,9.54E-05
8.20E-05,9.64E-05
8.30E-05,9.74E-05
8.40E-05,9.84E-05
8.50E-05,9.94E-05
8.60E-05,0.000100424
8.70E-05,0.000101425
8.80E-05,0.000102425
8.90E-05,0.000103424
9.00E-05,0.000104421
9.10E-05,0.000105416
9.20E-05,0.000106411
9.30E-05,0.000107404
9.40E-05,0.000108395
9.50E-05,0.000109386
9.60E-05,0.000110375
9.70E-05,0.000111363
9.80E-05,0.00011235
9.90E-05,0.000113335
1.00E-04,0.00011432
0.000101,0.000115303
0.000102,0.000116285
0.000103,0.000117265
0.000104,0.000118245
0.000105,0.000119224
0.000106,0.000120201
0.000107,0.000121177
0.000108,0.000122152
0.000109,0.000123127
0.00011,0.0001241
0.000111,0.000125072
0.000112,0.000126043
0.000113,0.000127013
0.000114,0.000127982
0.000115,0.000128949
0.000116,0.000129916
0.000117,0.000130882
0.000118,0.000131847
0.000119,0.000132811
0.00012,0.000133774
0.000121,0.000134737
0.000122,0.000135698
0.000123,0.000136658
0.000124,0.000137617
0.000125,0.000138576
0.000126,0.000139533
0.000127,0.00014049
0.000128,0.000141446
0.000129,0.000142401
0.00013,0.000143355
0.000131,0.000144308
0.000132,0.00014526
0.000133,0.000146212
0.000134,0.000147162
0.000135,0.000148112
0.000136,0.000149061
0.000137,0.000150009
0.000138,0.000150957
0.000139,0.000151903
0.00014,0.000152849
0.000141,0.000153794
0.000142,0.000154738
0.000143,0.000155682
0.000144,0.000156625
0.000145,0.000157567
0.000146,0.000158508
0.000147,0.000159448
0.000148,0.000160388
0.000149,0.000161327
0.00015,0.000162265
0.000151,0.000163203
0.000152,0.00016414
0.000153,0.000165076
0.000154,0.000166011
0.000155,0.000166946
0.000156,0.00016788
0.000157,0.000168813
0.000158,0.000169746
0.000159,0.000170678
0.00016,0.000171609
0.000161,0.00017254
0.000162,0.00017347
0.000163,0.000174399
0.000164,0.000175327
0.000165,0.000176255
0.000166,0.000177183
0.000167,0.000178109
0.000168,0.000179035
0.000169,0.000179961
0.00017,0.000180885
0.000171,0.000181809
0.000172,0.000182733
0.000173,0.000183656
0.000174,0.000184578
0.000175,0.0001855
0.000176,0.00018642
0.000177,0.000187341
0.000178,0.000188261
0.000179,0.00018918
0.00018,0.000190098
0.000181,0.000191016
0.000182,0.000191934
0.000183,0.00019285
0.000184,0.000193767
0.000185,0.000194682
0.000186,0.000195597
0.000187,0.000196512
0.000188,0.000197425
0.000189,0.000198339
0.00019,0.000199251
0.000191,0.000200164
0.000192,0.000201075
0.000193,0.000201986
0.000194,0.000202897
0.000195,0.000203807
0.000196,0.000204716
0.000197,0.000205625
0.000198,0.000206533
0.000199,0.000207441
0.0002,0.000208348
