Vin,Vout_FF,Vout_FS,Vout_SF,Vout_SS,Vout_TT(Reference_corner)
-0.3,-2.66E-05,-0.000137538,1.33E-05,0.000320342,2.90E-05
-0.299,-2.72E-05,-0.000137946,1.37E-05,0.000324783,2.99E-05
-0.298,-2.77E-05,-0.000138304,1.42E-05,0.000329322,3.08E-05
-0.297,-2.83E-05,-0.000138625,1.46E-05,0.000333908,3.18E-05
-0.296,-2.89E-05,-0.00013891,1.51E-05,0.00033854,3.27E-05
-0.295,-2.95E-05,-0.000139159,1.57E-05,0.000343219,3.37E-05
-0.294,-3.01E-05,-0.000139369,1.62E-05,0.000347947,3.48E-05
-0.293,-3.07E-05,-0.000139542,1.67E-05,0.000352724,3.58E-05
-0.292,-3.13E-05,-0.000139676,1.73E-05,0.00035755,3.69E-05
-0.291,-3.20E-05,-0.000139771,1.79E-05,0.000362427,3.81E-05
-0.29,-3.26E-05,-0.000139826,1.85E-05,0.000367355,3.93E-05
-0.289,-3.33E-05,-0.00013984,1.92E-05,0.000372335,4.05E-05
-0.288,-3.40E-05,-0.000139814,1.98E-05,0.000377368,4.17E-05
-0.287,-3.47E-05,-0.000139747,2.05E-05,0.000382455,4.30E-05
-0.286,-3.55E-05,-0.000139637,2.12E-05,0.000387597,4.43E-05
-0.285,-3.62E-05,-0.000139485,2.20E-05,0.000392794,4.56E-05
-0.284,-3.70E-05,-0.00013929,2.28E-05,0.000398048,4.70E-05
-0.283,-3.78E-05,-0.000139051,2.36E-05,0.00040336,4.85E-05
-0.282,-3.86E-05,-0.000138767,2.44E-05,0.00040873,5.00E-05
-0.281,-3.94E-05,-0.000138439,2.53E-05,0.000414161,5.15E-05
-0.28,-4.02E-05,-0.000138065,2.62E-05,0.000419653,5.30E-05
-0.279,-4.11E-05,-0.000137645,2.71E-05,0.000425207,5.47E-05
-0.278,-4.20E-05,-0.000137179,2.81E-05,0.000430825,5.63E-05
-0.277,-4.29E-05,-0.000136665,2.91E-05,0.000436509,5.80E-05
-0.276,-4.38E-05,-0.000136103,3.01E-05,0.000442258,5.98E-05
-0.275,-4.47E-05,-0.000135492,3.12E-05,0.000448076,6.16E-05
-0.274,-4.57E-05,-0.000134832,3.23E-05,0.000453962,6.34E-05
-0.273,-4.67E-05,-0.000134122,3.35E-05,0.00045992,6.54E-05
-0.272,-4.77E-05,-0.000133361,3.47E-05,0.00046595,6.73E-05
-0.271,-4.87E-05,-0.000132548,3.60E-05,0.000472054,6.93E-05
-0.27,-4.98E-05,-0.000131684,3.73E-05,0.000478234,7.14E-05
-0.269,-5.08E-05,-0.000130766,3.86E-05,0.000484491,7.36E-05
-0.268,-5.19E-05,-0.000129795,4.01E-05,0.000490827,7.58E-05
-0.267,-5.30E-05,-0.000128769,4.15E-05,0.000497245,7.80E-05
-0.266,-5.42E-05,-0.000127688,4.30E-05,0.000503745,8.03E-05
-0.265,-5.53E-05,-0.00012655,4.46E-05,0.00051033,8.27E-05
-0.264,-5.65E-05,-0.000125356,4.63E-05,0.000517001,8.52E-05
-0.263,-5.77E-05,-0.000124103,4.80E-05,0.000523761,8.77E-05
-0.262,-5.89E-05,-0.000122792,4.97E-05,0.000530612,9.02E-05
-0.261,-6.02E-05,-0.00012142,5.16E-05,0.000537556,9.29E-05
-0.26,-6.15E-05,-0.000119988,5.35E-05,0.000544595,9.56E-05
-0.259,-6.28E-05,-0.000118495,5.55E-05,0.000551731,9.84E-05
-0.258,-6.41E-05,-0.000116938,5.75E-05,0.000558967,0.000101291
-0.257,-6.55E-05,-0.000115318,5.97E-05,0.000566304,0.000104238
-0.256,-6.69E-05,-0.000113632,6.19E-05,0.000573745,0.000107263
-0.255,-6.83E-05,-0.000111881,6.42E-05,0.000581293,0.000110368
-0.254,-6.97E-05,-0.000110062,6.66E-05,0.00058895,0.000113554
-0.253,-7.12E-05,-0.000108176,6.91E-05,0.000596718,0.000116824
-0.252,-7.27E-05,-0.000106219,7.17E-05,0.000604599,0.000120179
-0.251,-7.42E-05,-0.000104192,7.43E-05,0.000612598,0.000123621
-0.25,-7.57E-05,-0.000102092,7.71E-05,0.000620715,0.000127152
-0.249,-7.73E-05,-9.99E-05,8.00E-05,0.000628954,0.000130774
-0.248,-7.89E-05,-9.77E-05,8.30E-05,0.000637318,0.000134489
-0.247,-8.05E-05,-9.53E-05,8.61E-05,0.000645809,0.000138298
-0.246,-8.21E-05,-9.29E-05,8.93E-05,0.00065443,0.000142205
-0.245,-8.38E-05,-9.05E-05,9.26E-05,0.000663184,0.00014621
-0.244,-8.55E-05,-8.79E-05,9.61E-05,0.000672074,0.000150317
-0.243,-8.72E-05,-8.53E-05,9.97E-05,0.000681102,0.000154527
-0.242,-8.89E-05,-8.25E-05,0.000103436,0.000690273,0.000158842
-0.241,-9.07E-05,-7.97E-05,0.000107304,0.000699589,0.000163265
-0.24,-9.24E-05,-7.68E-05,0.000111316,0.000709053,0.000167799
-0.239,-9.43E-05,-7.38E-05,0.000115476,0.000718668,0.000172444
-0.238,-9.61E-05,-7.08E-05,0.000119789,0.000728439,0.000177205
-0.237,-9.79E-05,-6.76E-05,0.000124261,0.000738367,0.000182083
-0.236,-9.98E-05,-6.43E-05,0.000128896,0.000748456,0.000187081
-0.235,-0.000101674,-6.09E-05,0.000133701,0.000758711,0.000192201
-0.234,-0.000103577,-5.75E-05,0.000138681,0.000769134,0.000197446
-0.233,-0.000105497,-5.39E-05,0.000143841,0.000779729,0.000202819
-0.232,-0.000107433,-5.03E-05,0.000149187,0.0007905,0.000208323
-0.231,-0.000109384,-4.65E-05,0.000154726,0.00080145,0.000213959
-0.23,-0.000111348,-4.26E-05,0.000160464,0.000812584,0.000219731
-0.229,-0.000113323,-3.86E-05,0.000166406,0.000823905,0.000225643
-0.228,-0.000115309,-3.45E-05,0.00017256,0.000835416,0.000231696
-0.227,-0.000117303,-3.03E-05,0.000178932,0.000847123,0.000237894
-0.226,-0.000119304,-2.60E-05,0.000185528,0.000859029,0.00024424
-0.225,-0.00012131,-2.15E-05,0.000192356,0.000871138,0.000250738
-0.224,-0.000123319,-1.70E-05,0.000199422,0.000883454,0.000257389
-0.223,-0.000125328,-1.23E-05,0.000206735,0.000895982,0.000264199
-0.222,-0.000127335,-7.44E-06,0.0002143,0.000908727,0.000271169
-0.221,-0.000129338,-2.48E-06,0.000222126,0.000921692,0.000278305
-0.22,-0.000131335,2.61E-06,0.00023022,0.000934882,0.000285608
-0.219,-0.000133321,7.83E-06,0.00023859,0.000948302,0.000293083
-0.218,-0.000135296,1.32E-05,0.000247244,0.000961957,0.000300733
-0.217,-0.000137254,1.87E-05,0.00025619,0.000975851,0.000308563
-0.216,-0.000139194,2.43E-05,0.000265436,0.000989989,0.000316575
-0.215,-0.000141111,3.01E-05,0.000274991,0.001004376,0.000324775
-0.214,-0.000143002,3.61E-05,0.000284862,0.001019017,0.000333165
-0.213,-0.000144864,4.22E-05,0.000295059,0.001033917,0.000341751
-0.212,-0.000146691,4.85E-05,0.00030559,0.001049082,0.000350536
-0.211,-0.000148481,5.49E-05,0.000316464,0.001064516,0.000359525
-0.21,-0.000150228,6.15E-05,0.00032769,0.001080226,0.000368722
-0.209,-0.000151928,6.83E-05,0.000339277,0.001096216,0.000378131
-0.208,-0.000153577,7.52E-05,0.000351234,0.001112493,0.000387758
-0.207,-0.000155168,8.23E-05,0.000363571,0.001129061,0.000397607
-0.206,-0.000156698,8.96E-05,0.000376298,0.001145927,0.000407682
-0.205,-0.00015816,9.71E-05,0.000389422,0.001163096,0.00041799
-0.204,-0.000159548,0.000104824,0.000402955,0.001180575,0.000428534
-0.203,-0.000160858,0.000112704,0.000416906,0.001198369,0.00043932
-0.202,-0.000162081,0.000120784,0.000431285,0.001216485,0.000450353
-0.201,-0.000163213,0.00012907,0.000446102,0.001234929,0.000461638
-0.2,-0.000164247,0.000137565,0.000461367,0.001253707,0.000473182
-0.199,-0.000165175,0.000146276,0.00047709,0.001272826,0.000484989
-0.198,-0.00016599,0.000155206,0.000493281,0.001292292,0.000497066
-0.197,-0.000166685,0.000164361,0.000509951,0.001312113,0.000509418
-0.196,-0.000167252,0.000173747,0.000527109,0.001332294,0.000522052
-0.195,-0.000167683,0.000183368,0.000544768,0.001352842,0.000534972
-0.194,-0.000167971,0.000193231,0.000562936,0.001373766,0.000548187
-0.193,-0.000168105,0.00020334,0.000581624,0.001395071,0.000561702
-0.192,-0.000168079,0.000213702,0.000600844,0.001416766,0.000575523
-0.191,-0.000167882,0.000224322,0.000620606,0.001438857,0.000589658
-0.19,-0.000167505,0.000235207,0.00064092,0.001461352,0.000604112
-0.189,-0.000166938,0.000246363,0.000661798,0.001484258,0.000618894
-0.188,-0.000166173,0.000257796,0.000683251,0.001507584,0.000634011
-0.187,-0.000165198,0.000269512,0.000705288,0.001531337,0.000649468
-0.186,-0.000164003,0.000281518,0.000727922,0.001555525,0.000665275
-0.185,-0.000162578,0.000293822,0.000751164,0.001580157,0.000681438
-0.184,-0.000160911,0.000306429,0.000775023,0.00160524,0.000697966
-0.183,-0.000158991,0.000319347,0.000799513,0.001630783,0.000714866
-0.182,-0.000156807,0.000332584,0.000824642,0.001656794,0.000732145
-0.181,-0.000154347,0.000346146,0.000850424,0.001683282,0.000749814
-0.18,-0.000151599,0.000360041,0.000876868,0.001710256,0.000767879
-0.179,-0.00014855,0.000374277,0.000903987,0.001737725,0.00078635
-0.178,-0.000145187,0.000388862,0.000931791,0.001765697,0.000805235
-0.177,-0.000141499,0.000403804,0.000960292,0.001794183,0.000824543
-0.176,-0.000137472,0.000419111,0.000989501,0.00182319,0.000844283
-0.175,-0.000133092,0.000434792,0.001019429,0.001852729,0.000864465
-0.174,-0.000128345,0.000450855,0.001050088,0.001882809,0.000885098
-0.173,-0.000123219,0.000467309,0.00108149,0.001913441,0.000906191
-0.172,-0.000117698,0.000484163,0.001113645,0.001944633,0.000927755
-0.171,-0.000111769,0.000501426,0.001146565,0.001976396,0.000949799
-0.17,-0.000105416,0.000519108,0.001180262,0.00200874,0.000972334
-0.169,-9.86E-05,0.000537219,0.001214748,0.002041675,0.00099537
-0.168,-9.14E-05,0.000555767,0.001250033,0.002075213,0.001018918
-0.167,-8.37E-05,0.000574764,0.00128613,0.002109363,0.001042989
-0.166,-7.55E-05,0.000594219,0.001323051,0.002144136,0.001067594
-0.165,-6.68E-05,0.000614143,0.001360806,0.002179543,0.001092743
-0.164,-5.76E-05,0.000634546,0.001399408,0.002215596,0.001118449
-0.163,-4.78E-05,0.000655439,0.001438869,0.002252306,0.001144722
-0.162,-3.75E-05,0.000676834,0.001479201,0.002289683,0.001171576
-0.161,-2.67E-05,0.000698741,0.001520415,0.00232774,0.001199022
-0.16,-1.52E-05,0.000721173,0.001562523,0.002366488,0.001227072
-0.159,-3.20E-06,0.00074414,0.001605539,0.002405939,0.001255739
-0.158,9.45E-06,0.000767656,0.001649472,0.002446105,0.001285035
-0.157,2.27E-05,0.000791732,0.001694337,0.002486999,0.001314975
-0.156,3.67E-05,0.000816381,0.001740146,0.002528632,0.00134557
-0.155,5.13E-05,0.000841615,0.001786909,0.002571017,0.001376835
-0.154,6.66E-05,0.000867448,0.001834641,0.002614168,0.001408782
-0.153,8.25E-05,0.000893892,0.001883354,0.002658095,0.001441427
-0.152,9.93E-05,0.000920962,0.00193306,0.002702814,0.001474782
-0.151,0.00011671,0.00094867,0.001983771,0.002748336,0.001508863
-0.15,0.00013492,0.000977032,0.002035502,0.002794675,0.001543685
-0.149,0.000153907,0.00100606,0.002088264,0.002841845,0.001579261
-0.148,0.000173688,0.001035771,0.002142071,0.002889859,0.001615607
-0.147,0.000194284,0.001066178,0.002196935,0.002938731,0.001652739
-0.146,0.000215714,0.001097296,0.002252871,0.002988475,0.001690671
-0.145,0.000237995,0.001129142,0.002309891,0.003039104,0.001729421
-0.144,0.000261148,0.00116173,0.002368009,0.003090634,0.001769003
-0.143,0.000285192,0.001195076,0.002427238,0.003143079,0.001809435
-0.142,0.000310147,0.001229198,0.002487592,0.003196452,0.001850732
-0.141,0.000336031,0.00126411,0.002549085,0.00325077,0.001892913
-0.14,0.000362866,0.00129983,0.002611731,0.003306046,0.001935993
-0.139,0.00039067,0.001336375,0.002675543,0.003362296,0.00197999
-0.138,0.000419465,0.001373762,0.002740536,0.003419536,0.002024921
-0.137,0.00044927,0.001412008,0.002806725,0.003477779,0.002070805
-0.136,0.000480105,0.001451132,0.002874123,0.003537042,0.00211766
-0.135,0.000511992,0.001491152,0.002942746,0.003597341,0.002165503
-0.134,0.00054495,0.001532086,0.003012607,0.00365869,0.002214354
-0.133,0.000579001,0.001573954,0.003083722,0.003721107,0.002264231
-0.132,0.000614165,0.001616773,0.003156106,0.003784607,0.002315153
-0.131,0.000650464,0.001660563,0.003229773,0.003849206,0.00236714
-0.13,0.000687919,0.001705344,0.003304739,0.003914921,0.00242021
-0.129,0.000726551,0.001751136,0.00338102,0.003981768,0.002474385
-0.128,0.000766382,0.001797959,0.00345863,0.004049763,0.002529683
-0.127,0.000807432,0.001845834,0.003537585,0.004118924,0.002586125
-0.126,0.000849726,0.00189478,0.003617902,0.004189267,0.002643732
-0.125,0.000893283,0.001944821,0.003699595,0.004260809,0.002702524
-0.124,0.000938126,0.001995975,0.00378268,0.004333567,0.002762522
-0.123,0.000984278,0.002048267,0.003867175,0.004407559,0.002823748
-0.122,0.001031761,0.002101716,0.003953094,0.004482801,0.002886222
-0.121,0.001080598,0.002156346,0.004040455,0.004559312,0.002949966
-0.12,0.001130811,0.002212179,0.004129273,0.004637108,0.003015002
-0.119,0.001182423,0.002269238,0.004219565,0.004716207,0.003081352
-0.118,0.001235458,0.002327545,0.004311347,0.004796627,0.003149039
-0.117,0.001289938,0.002387125,0.004404638,0.004878386,0.003218084
-0.116,0.001345887,0.002448,0.004499452,0.004961501,0.00328851
-0.115,0.001403329,0.002510195,0.004595807,0.005045991,0.003360341
-0.114,0.001462287,0.002573733,0.00469372,0.005131874,0.003433598
-0.113,0.001522785,0.002638639,0.004793208,0.005219167,0.003508306
-0.112,0.001584847,0.002704938,0.004894288,0.005307889,0.003584487
-0.111,0.001648498,0.002772653,0.004996977,0.005398058,0.003662165
-0.11,0.001713761,0.002841812,0.005101292,0.005489692,0.003741364
-0.109,0.001780661,0.002912438,0.005207251,0.00558281,0.003822107
-0.108,0.001849223,0.002984557,0.005314871,0.00567743,0.003904418
-0.107,0.001919472,0.003058195,0.005424169,0.005773571,0.003988321
-0.106,0.001991432,0.003133378,0.005535163,0.00587125,0.004073841
-0.105,0.002065128,0.003210132,0.00564787,0.005970487,0.004161002
-0.104,0.002140586,0.003288484,0.005762307,0.0060713,0.004249828
-0.103,0.002217831,0.003368459,0.005878493,0.006173707,0.004340344
-0.102,0.002296888,0.003450085,0.005996443,0.006277727,0.004432574
-0.101,0.002377783,0.003533388,0.006116177,0.006383379,0.004526544
-0.1,0.002460541,0.003618396,0.00623771,0.006490681,0.004622276
-0.099,0.002545189,0.003705135,0.006361062,0.006599651,0.004719798
-0.098,0.002631752,0.003793634,0.006486248,0.006710309,0.004819133
-0.097,0.002720255,0.003883918,0.006613287,0.006822671,0.004920306
-0.096,0.002810726,0.003976017,0.006742196,0.006936758,0.005023342
-0.095,0.002903189,0.004069957,0.006872991,0.007052587,0.005128267
-0.094,0.002997671,0.004165767,0.007005691,0.007170177,0.005235104
-0.093,0.003094199,0.004263473,0.007140312,0.007289545,0.00534388
-0.092,0.003192798,0.004363104,0.007276871,0.007410711,0.005454618
-0.091,0.003293494,0.004464689,0.007415386,0.007533692,0.005567345
-0.09,0.003396314,0.004568254,0.007555873,0.007658507,0.005682084
-0.089,0.003501284,0.004673828,0.007698349,0.007785173,0.005798861
-0.088,0.00360843,0.004781439,0.007842831,0.007913708,0.0059177
-0.087,0.003717778,0.004891114,0.007989334,0.00804413,0.006038625
-0.086,0.003829355,0.005002883,0.008137877,0.008176457,0.006161663
-0.085,0.003943186,0.005116772,0.008288474,0.008310707,0.006286836
-0.084,0.004059297,0.005232809,0.008441143,0.008446896,0.006414169
-0.083,0.004177715,0.005351024,0.008595899,0.008585043,0.006543687
-0.082,0.004298466,0.005471442,0.008752757,0.008725164,0.006675413
-0.081,0.004421574,0.005594092,0.008911734,0.008867276,0.006809372
-0.08,0.004547067,0.005719002,0.009072846,0.009011397,0.006945587
-0.079,0.004674968,0.005846199,0.009236107,0.009157543,0.007084082
-0.078,0.004805304,0.005975709,0.009401532,0.009305731,0.007224879
-0.077,0.0049381,0.006107561,0.009569137,0.009455977,0.007368003
-0.076,0.00507338,0.006241781,0.009738936,0.009608297,0.007513476
-0.075,0.00521117,0.006378396,0.009910944,0.009762708,0.007661321
-0.074,0.005351494,0.006517433,0.010085175,0.009919224,0.00781156
-0.073,0.005494377,0.006658917,0.010261643,0.010077863,0.007964216
-0.072,0.005639842,0.006802876,0.010440361,0.010238639,0.00811931
-0.071,0.005787914,0.006949334,0.010621345,0.010401567,0.008276863
-0.07,0.005938616,0.007098317,0.010804606,0.010566663,0.008436899
-0.069,0.006091971,0.007249851,0.010990158,0.010733941,0.008599436
-0.068,0.006248003,0.007403961,0.011178013,0.010903416,0.008764496
-0.067,0.006406734,0.007560671,0.011368185,0.011075103,0.0089321
-0.066,0.006568186,0.007720005,0.011560686,0.011249014,0.009102267
-0.065,0.006732382,0.007881987,0.011755526,0.011425164,0.009275017
-0.064,0.006899343,0.008046642,0.01195272,0.011603567,0.009450369
-0.063,0.00706909,0.008213992,0.012152276,0.011784235,0.009628342
-0.062,0.007241644,0.00838406,0.012354208,0.011967182,0.009808955
-0.061,0.007417026,0.008556868,0.012558525,0.012152421,0.009992225
-0.06,0.007595256,0.008732439,0.012765238,0.012339963,0.010178171
-0.059,0.007776354,0.008910793,0.012974357,0.012529821,0.010366809
-0.058,0.007960337,0.009091953,0.013185893,0.012722007,0.010558156
-0.057,0.008147226,0.009275938,0.013399854,0.012916533,0.01075223
-0.056,0.008337039,0.009462769,0.01361625,0.013113409,0.010949045
-0.055,0.008529793,0.009652465,0.01383509,0.013312647,0.011148617
-0.054,0.008725505,0.009845046,0.014056383,0.013514258,0.011350962
-0.053,0.008924192,0.010040529,0.014280137,0.01371825,0.011556093
-0.052,0.009125871,0.010238934,0.014506359,0.013924636,0.011764025
-0.051,0.009330557,0.010440277,0.014735058,0.014133424,0.011974772
-0.05,0.009538266,0.010644577,0.01496624,0.014344624,0.012188346
-0.049,0.009749012,0.010851848,0.015199913,0.014558244,0.01240476
-0.048,0.009962808,0.011062107,0.015436084,0.014774294,0.012624026
-0.047,0.010179669,0.01127537,0.015674757,0.014992782,0.012846156
-0.046,0.010399608,0.01149165,0.01591594,0.015213716,0.013071161
-0.045,0.010622637,0.011710963,0.016159638,0.015437104,0.013299051
-0.044,0.010848768,0.011933322,0.016405856,0.015662953,0.013529836
-0.043,0.011078011,0.012158739,0.0166546,0.015891271,0.013763527
-0.042,0.011310378,0.012387228,0.016905873,0.016122063,0.014000131
-0.041,0.011545879,0.012618799,0.017159679,0.016355337,0.014239657
-0.04,0.011784523,0.012853464,0.017416023,0.016591098,0.014482114
-0.039,0.012026319,0.013091233,0.017674909,0.016829352,0.014727509
-0.038,0.012271276,0.013332117,0.017936339,0.017070105,0.014975848
-0.037,0.0125194,0.013576124,0.018200316,0.017313361,0.015227139
-0.036,0.012770699,0.013823263,0.018466842,0.017559126,0.015481386
-0.035,0.013025179,0.014073542,0.018735921,0.017807404,0.015738595
-0.034,0.013282847,0.014326969,0.019007553,0.018058198,0.015998771
-0.033,0.013543706,0.014583551,0.019281741,0.018311512,0.016261919
-0.032,0.013807763,0.014843293,0.019558484,0.018567351,0.016528041
-0.031,0.014075021,0.015106201,0.019837785,0.018825716,0.016797141
-0.03,0.014345484,0.015372279,0.020119644,0.01908661,0.017069223
-0.029,0.014619153,0.015641533,0.02040406,0.019350036,0.017344287
-0.028,0.014896033,0.015913966,0.020691034,0.019615996,0.017622336
-0.027,0.015176123,0.01618958,0.020980565,0.019884492,0.017903371
-0.026,0.015459426,0.016468379,0.021272653,0.020155524,0.018187393
-0.025,0.015745941,0.016750364,0.021567297,0.020429094,0.018474401
-0.024,0.016035669,0.017035537,0.021864494,0.020705203,0.018764396
-0.023,0.016328609,0.017323897,0.022164244,0.020983851,0.019057377
-0.022,0.016624759,0.017615446,0.022466544,0.021265038,0.019353342
-0.021,0.016924119,0.017910182,0.022771392,0.021548764,0.01965229
-0.02,0.017226685,0.018208105,0.023078786,0.021835028,0.019954218
-0.019,0.017532455,0.018509213,0.023388722,0.02212383,0.020259124
-0.018,0.017841425,0.018813503,0.023701198,0.022415169,0.020567005
-0.017,0.018153592,0.019120973,0.02401621,0.022709042,0.020877857
-0.016,0.01846895,0.01943162,0.024333755,0.023005449,0.021191677
-0.015,0.018787496,0.01974544,0.024653828,0.023304387,0.021508459
-0.014,0.019109223,0.020062428,0.024976425,0.023605853,0.021828199
-0.013,0.019434126,0.020382579,0.025301542,0.023909847,0.022150892
-0.012,0.019762198,0.020705889,0.025629174,0.024216363,0.022476532
-0.011,0.020093432,0.021032351,0.025959316,0.0245254,0.022805113
-0.01,0.020427821,0.021361959,0.026291963,0.024836954,0.023136629
-0.009,0.020765357,0.021694706,0.02662711,0.025151021,0.023471072
-0.008,0.021106033,0.022030584,0.02696475,0.025467598,0.023808435
-0.007,0.021449838,0.022369587,0.027304877,0.02578668,0.024148712
-0.006,0.021796765,0.022711705,0.027647487,0.026108262,0.024491893
-0.005,0.022146803,0.023056931,0.027992571,0.026432341,0.024837971
-0.004,0.022499943,0.023405255,0.028340124,0.026758911,0.025186937
-0.003,0.022856174,0.023756667,0.028690139,0.027087966,0.025538783
-0.002,0.023215486,0.024111158,0.029042609,0.027419503,0.025893498
-0.001,0.023577868,0.024468718,0.029397526,0.027753514,0.026251073
0,0.023943308,0.024829335,0.029754883,0.028089994,0.026611499
0.001,0.024311794,0.025193,0.030114673,0.028428938,0.026974765
0.002,0.024683315,0.0255597,0.030476888,0.028770338,0.027340861
0.003,0.025057859,0.025929423,0.03084152,0.029114188,0.027709776
0.004,0.025435411,0.026302159,0.031208561,0.029460483,0.028081499
0.005,0.025815961,0.026677894,0.031578002,0.029809214,0.028456019
0.006,0.026199493,0.027056616,0.031949835,0.030160374,0.028833324
0.007,0.026585995,0.027438311,0.032324052,0.030513957,0.029213403
0.008,0.026975452,0.027822967,0.032700643,0.030869956,0.029596244
0.009,0.027367852,0.02821057,0.033079601,0.031228361,0.029981834
0.01,0.027763178,0.028601107,0.033460915,0.031589167,0.030370161
0.011,0.028161418,0.028994562,0.033844577,0.031952364,0.030761213
0.012,0.028562555,0.029390923,0.034230577,0.032317945,0.031154976
0.013,0.028966575,0.029790174,0.034618906,0.032685901,0.031551438
0.014,0.029373463,0.0301923,0.035009554,0.033056224,0.031950586
0.015,0.029783203,0.030597287,0.035402512,0.033428905,0.032352405
0.016,0.03019578,0.03100512,0.035797769,0.033803937,0.032756884
0.017,0.030611178,0.031415783,0.036195317,0.034181309,0.033164007
0.018,0.031029381,0.03182926,0.036595145,0.034561013,0.033573762
0.019,0.031450372,0.032245536,0.036997242,0.03494304,0.033986134
0.02,0.031874137,0.032664596,0.037401599,0.035327381,0.03440111
0.021,0.032300657,0.033086422,0.037808206,0.035714025,0.034818674
0.022,0.032729918,0.033510999,0.038217052,0.036102965,0.035238814
0.023,0.033161901,0.033938311,0.038628126,0.03649419,0.035661513
0.024,0.033596591,0.034368341,0.039041418,0.036887691,0.036086759
0.025,0.03403397,0.034801072,0.039456918,0.037283458,0.036514536
0.026,0.034474021,0.035236489,0.039874614,0.03768148,0.036944829
0.027,0.034916729,0.035674573,0.040294497,0.038081749,0.037377624
0.028,0.035362074,0.036115309,0.040716555,0.038484254,0.037812906
0.029,0.035810041,0.036558679,0.041140777,0.038888985,0.03825066
0.03,0.036260611,0.037004666,0.041567152,0.039295932,0.03869087
0.031,0.036713768,0.037453254,0.041995671,0.039705084,0.039133523
0.032,0.037169495,0.037904425,0.04242632,0.040116432,0.039578603
0.033,0.037627773,0.038358162,0.042859091,0.040529964,0.040026094
0.034,0.038088585,0.038814447,0.04329397,0.040945671,0.040475982
0.035,0.038551914,0.039273264,0.043730948,0.041363541,0.04092825
0.036,0.039017743,0.039734595,0.044170013,0.041783565,0.041382885
0.037,0.039486053,0.040198423,0.044611154,0.042205732,0.041839871
0.038,0.039956828,0.04066473,0.04505436,0.04263003,0.042299192
0.039,0.040430049,0.041133499,0.045499619,0.04305645,0.042760834
0.04,0.0409057,0.041604712,0.045946921,0.04348498,0.04322478
0.041,0.041383762,0.042078353,0.046396254,0.04391561,0.043691015
0.042,0.041864218,0.042554404,0.046847606,0.044348329,0.044159525
0.043,0.04234705,0.043032847,0.047300967,0.044783126,0.044630294
0.044,0.042832242,0.043513666,0.047756325,0.04521999,0.045103306
0.045,0.043319775,0.043996842,0.048213669,0.04565891,0.045578546
0.046,0.043809633,0.044482358,0.048672987,0.046099876,0.046056
0.047,0.044301797,0.044970198,0.049134269,0.046542876,0.046535651
0.048,0.04479625,0.045460343,0.049597502,0.046987899,0.047017485
0.049,0.045292975,0.045952778,0.050062677,0.047434935,0.047501486
0.05,0.045791955,0.046447483,0.05052978,0.047883972,0.047987639
0.051,0.046293172,0.046944443,0.050998802,0.048335,0.048475929
0.052,0.046796609,0.04744364,0.05146973,0.048788007,0.048966341
0.053,0.04730225,0.047945057,0.051942554,0.049242982,0.04945886
0.054,0.047810076,0.048448677,0.052417263,0.049699914,0.04995347
0.055,0.048320071,0.048954484,0.052893844,0.050158793,0.050450158
0.056,0.048832218,0.04946246,0.053372287,0.050619608,0.050948907
0.057,0.049346501,0.049972588,0.053852581,0.051082346,0.051449703
0.058,0.049862901,0.050484852,0.054334715,0.051546998,0.051952532
0.059,0.050381404,0.050999236,0.054818677,0.052013553,0.052457378
0.06,0.050901991,0.051515722,0.055304456,0.052481999,0.052964226
0.061,0.051424646,0.052034294,0.055792042,0.052952325,0.053473063
0.062,0.051949353,0.052554935,0.056281423,0.053424521,0.053983873
0.063,0.052476096,0.05307763,0.056772588,0.053898575,0.054496642
0.064,0.053004857,0.053602362,0.057265526,0.054374477,0.055011356
0.065,0.053535622,0.054129114,0.057760226,0.054852216,0.055528
0.066,0.054068373,0.054657872,0.058256678,0.055331781,0.056046559
0.067,0.054603095,0.055188617,0.058754871,0.055813161,0.05656702
0.068,0.055139771,0.055721336,0.059254793,0.056296346,0.057089369
0.069,0.055678386,0.056256012,0.059756433,0.056781324,0.057613591
0.07,0.056218924,0.056792629,0.060259782,0.057268085,0.058139672
0.071,0.05676137,0.057331171,0.060764829,0.057756618,0.058667599
0.072,0.057305707,0.057871623,0.061271562,0.058246912,0.059197357
0.073,0.05785192,0.05841397,0.061779971,0.058738957,0.059728932
0.074,0.058399995,0.058958197,0.062290046,0.059232742,0.060262312
0.075,0.058949915,0.059504287,0.062801775,0.059728257,0.060797482
0.076,0.059501665,0.060052226,0.06331515,0.060225491,0.061334429
0.077,0.060055231,0.060601999,0.063830158,0.060724434,0.06187314
0.078,0.060610598,0.061153591,0.06434679,0.061225075,0.0624136
0.079,0.06116775,0.061706987,0.064865036,0.061727403,0.062955798
0.08,0.061726673,0.062262172,0.065384885,0.062231409,0.063499718
0.081,0.062287352,0.062819132,0.065906326,0.062737081,0.06404535
0.082,0.062849773,0.063377852,0.066429351,0.063244411,0.064592679
0.083,0.063413921,0.063938318,0.066953947,0.063753386,0.065141692
0.084,0.063979783,0.064500515,0.067480107,0.064263998,0.065692377
0.085,0.064547343,0.06506443,0.068007819,0.064776236,0.066244721
0.086,0.065116588,0.065630048,0.068537073,0.06529009,0.066798711
0.087,0.065687504,0.066197355,0.06906786,0.06580555,0.067354335
0.088,0.066260077,0.066766338,0.06960017,0.066322606,0.06791158
0.089,0.066834293,0.067336982,0.070133993,0.066841248,0.068470434
0.09,0.067410139,0.067909275,0.070669319,0.067361466,0.069030884
0.091,0.067987601,0.068483201,0.071206138,0.06788325,0.069592919
0.092,0.068566665,0.069058749,0.071744442,0.06840659,0.070156525
0.093,0.069147319,0.069635905,0.072284219,0.068931477,0.070721692
0.094,0.069729549,0.070214655,0.072825462,0.0694579,0.071288407
0.095,0.070313342,0.070794986,0.07336816,0.069985851,0.071856659
0.096,0.070898685,0.071376886,0.073912304,0.070515319,0.072426435
0.097,0.071485565,0.071960341,0.074457885,0.071046296,0.072997724
0.098,0.07207397,0.072545339,0.075004892,0.071578771,0.073570514
0.099,0.072663887,0.073131867,0.075553319,0.072112735,0.074144794
0.1,0.073255304,0.073719913,0.076103154,0.072648179,0.074720553
0.101,0.073848207,0.074309463,0.076654388,0.073185093,0.075297779
0.102,0.074442585,0.074900507,0.077207014,0.073723468,0.07587646
0.103,0.075038425,0.075493031,0.077761021,0.074263295,0.076456587
0.104,0.075635716,0.076087023,0.078316402,0.074804564,0.077038147
0.105,0.076234445,0.076682471,0.078873146,0.075347267,0.07762113
0.106,0.076834601,0.077279364,0.079431246,0.075891395,0.078205525
0.107,0.077436172,0.077877689,0.079990692,0.076436937,0.078791321
0.108,0.078039145,0.078477436,0.080551475,0.076983887,0.079378508
0.109,0.078643511,0.079078591,0.081113588,0.077532234,0.079967075
0.11,0.079249256,0.079681144,0.081677022,0.078081969,0.080557011
0.111,0.07985637,0.080285084,0.082241767,0.078633085,0.081148306
0.112,0.080464842,0.080890399,0.082807816,0.079185571,0.08174095
0.113,0.08107466,0.081497077,0.08337516,0.079739421,0.082334932
0.114,0.081685814,0.082105108,0.083943791,0.080294624,0.082930243
0.115,0.082298292,0.082714481,0.0845137,0.080851172,0.083526871
0.116,0.082912084,0.083325185,0.08508488,0.081409057,0.084124808
0.117,0.083527178,0.083937209,0.085657321,0.081968271,0.084724044
0.118,0.084143565,0.084550543,0.086231017,0.082528804,0.085324568
0.119,0.084761234,0.085165175,0.086805959,0.083090649,0.085926371
0.12,0.085380174,0.085781095,0.087382139,0.083653798,0.086529443
0.121,0.086000375,0.086398293,0.087959548,0.084218241,0.087133774
0.122,0.086621827,0.087016759,0.08853818,0.084783972,0.087739356
0.123,0.087244519,0.087636482,0.089118026,0.085350981,0.088346179
0.124,0.087868443,0.088257453,0.089699079,0.08591926,0.088954232
0.125,0.088493586,0.088879661,0.09028133,0.086488803,0.089563509
0.126,0.089119941,0.089503096,0.090864773,0.0870596,0.090173998
0.127,0.089747497,0.090127748,0.091449399,0.087631644,0.090785691
0.128,0.090376244,0.090753608,0.092035201,0.088204927,0.091398579
0.129,0.091006173,0.091380667,0.092622172,0.088779441,0.092012654
0.13,0.091637275,0.092008913,0.093210304,0.089355179,0.092627905
0.131,0.092269539,0.092638339,0.093799589,0.089932132,0.093244325
0.132,0.092902957,0.093268935,0.094390021,0.090510294,0.093861905
0.133,0.093537519,0.093900691,0.094981592,0.091089656,0.094480636
0.134,0.094173217,0.094533598,0.095574295,0.091670211,0.09510051
0.135,0.094810042,0.095167647,0.096168123,0.092251952,0.095721518
0.136,0.095447983,0.095802829,0.096763068,0.092834871,0.096343652
0.137,0.096087033,0.096439136,0.097359124,0.09341896,0.096966903
0.138,0.096727183,0.097076557,0.097956283,0.094004213,0.097591264
0.139,0.097368424,0.097715085,0.098554539,0.094590623,0.098216726
0.14,0.098010747,0.098354711,0.099153885,0.095178181,0.098843281
0.141,0.098654145,0.098995426,0.099754313,0.095766881,0.099470921
0.142,0.099298607,0.099637221,0.100355818,0.096356716,0.100099639
0.143,0.099944127,0.100280089,0.100958392,0.096947678,0.100729425
0.144,0.100590696,0.10092402,0.101562028,0.097539762,0.101360274
0.145,0.101238305,0.101569008,0.102166721,0.098132959,0.101992176
0.146,0.101886947,0.102215042,0.102772463,0.098727262,0.102625124
0.147,0.102536613,0.102862115,0.103379248,0.099322666,0.10325911
0.148,0.103187296,0.10351022,0.103987069,0.099919163,0.103894128
0.149,0.103838987,0.104159348,0.10459592,0.100516747,0.10453017
0.15,0.104491679,0.104809491,0.105205794,0.10111541,0.105167227
0.151,0.105145364,0.105460642,0.105816686,0.101715147,0.105805294
0.152,0.105800035,0.106112792,0.106428589,0.10231595,0.106444362
0.153,0.106455683,0.106765934,0.107041496,0.102917813,0.107084424
0.154,0.107112302,0.107420061,0.107655402,0.103520729,0.107725474
0.155,0.107769883,0.108075164,0.1082703,0.104124693,0.108367504
0.156,0.10842842,0.108731237,0.108886184,0.104729697,0.109010508
0.157,0.109087905,0.109388272,0.109503048,0.105335735,0.109654478
0.158,0.109748331,0.110046262,0.110120886,0.105942801,0.110299407
0.159,0.11040969,0.110705199,0.110739693,0.106550889,0.110945289
0.16,0.111071976,0.111365077,0.111359461,0.107159993,0.111592117
0.161,0.111735182,0.112025888,0.111980186,0.107770105,0.112239884
0.162,0.1123993,0.112687625,0.112601862,0.108381221,0.112888584
0.163,0.113064325,0.113350281,0.113224482,0.108993334,0.11353821
0.164,0.113730248,0.114013849,0.113848041,0.109606439,0.114188755
0.165,0.114397063,0.114678323,0.114472534,0.110220528,0.114840214
0.166,0.115064764,0.115343695,0.115097954,0.110835596,0.115492579
0.167,0.115733343,0.11600996,0.115724296,0.111451638,0.116145845
0.168,0.116402795,0.116677109,0.116351554,0.112068647,0.116800004
0.169,0.117073112,0.117345138,0.116979724,0.112686618,0.117455052
0.17,0.117744289,0.118014038,0.117608799,0.113305544,0.118110981
0.171,0.118416318,0.118683805,0.118238773,0.113925421,0.118767786
0.172,0.119089195,0.11935443,0.118869643,0.114546242,0.119425461
0.173,0.119762911,0.120025909,0.119501402,0.115168002,0.120083999
0.174,0.120437462,0.120698234,0.120134044,0.115790695,0.120743395
0.175,0.12111284,0.1213714,0.120767565,0.116414316,0.121403642
0.176,0.12178904,0.1220454,0.12140196,0.117038859,0.122064736
0.177,0.122466056,0.122720228,0.122037223,0.117664318,0.122726669
0.178,0.123143882,0.123395878,0.122673349,0.118290689,0.123389437
0.179,0.123822512,0.124072345,0.123310333,0.118917966,0.124053034
0.18,0.12450194,0.124749622,0.12394817,0.119546143,0.124717453
0.181,0.12518216,0.125427703,0.124586854,0.120175216,0.12538269
0.182,0.125863167,0.126106583,0.125226382,0.120805178,0.126048739
0.183,0.126544954,0.126786255,0.125866747,0.121436026,0.126715595
0.184,0.127227517,0.127466715,0.126507946,0.122067753,0.127383251
0.185,0.127910849,0.128147956,0.127149972,0.122700354,0.128051703
0.186,0.128594945,0.128829972,0.127792822,0.123333825,0.128720945
0.187,0.129279799,0.129512759,0.12843649,0.123968159,0.129390973
0.188,0.129965407,0.130196311,0.129080972,0.124603353,0.13006178
0.189,0.130651762,0.130880622,0.129726262,0.125239402,0.130733361
0.19,0.13133886,0.131565687,0.130372357,0.125876299,0.131405712
0.191,0.132026695,0.1322515,0.131019252,0.126514041,0.132078828
0.192,0.132715261,0.132938057,0.131666941,0.127152623,0.132752702
0.193,0.133404554,0.133625351,0.132315421,0.127792039,0.133427331
0.194,0.134094569,0.134313378,0.132964686,0.128432285,0.134102708
0.195,0.1347853,0.135002133,0.133614733,0.129073356,0.134778831
0.196,0.135476742,0.13569161,0.134265557,0.129715247,0.135455692
0.197,0.136168891,0.136381805,0.134917153,0.130357954,0.136133288
0.198,0.136861741,0.137072712,0.135569517,0.131001472,0.136811614
0.199,0.137555287,0.137764327,0.136222644,0.131645796,0.137490665
0.2,0.138249525,0.138456644,0.13687653,0.132290922,0.138170436
0.201,0.13894445,0.139149658,0.137531172,0.132936845,0.138850922
0.202,0.139640057,0.139843366,0.138186563,0.133583561,0.13953212
0.203,0.140336341,0.140537761,0.138842701,0.134231065,0.140214024
0.204,0.141033297,0.14123284,0.139499582,0.134879353,0.140896629
0.205,0.141730922,0.141928597,0.1401572,0.13552842,0.141579932
0.206,0.142429209,0.142625028,0.140815552,0.136178262,0.142263928
0.207,0.143128156,0.143322129,0.141474633,0.136828874,0.142948612
0.208,0.143827757,0.144019894,0.14213444,0.137480253,0.14363398
0.209,0.144528007,0.144718319,0.142794968,0.138132394,0.144320027
0.21,0.145228903,0.1454174,0.143456214,0.138785292,0.14500675
0.211,0.145930439,0.146117132,0.144118173,0.139438944,0.145694144
0.212,0.146632613,0.146817511,0.144780842,0.140093345,0.146382204
0.213,0.147335418,0.147518532,0.145444216,0.140748491,0.147070927
0.214,0.148038851,0.148220192,0.146108291,0.141404378,0.147760308
0.215,0.148742908,0.148922485,0.146773064,0.142061002,0.148450343
0.216,0.149447585,0.149625408,0.147438531,0.142718359,0.149141029
0.217,0.150152876,0.150328956,0.148104688,0.143376444,0.14983236
0.218,0.150858779,0.151033125,0.148771532,0.144035254,0.150524333
0.219,0.151565289,0.151737911,0.149439057,0.144694785,0.151216945
0.22,0.152272402,0.15244331,0.150107261,0.145355032,0.15191019
0.221,0.152980114,0.153149318,0.150776141,0.146015993,0.152604065
0.222,0.153688421,0.153855931,0.151445691,0.146677662,0.153298566
0.223,0.154397319,0.154563144,0.152115909,0.147340037,0.153993689
0.224,0.155106805,0.155270954,0.152786791,0.148003112,0.154689431
0.225,0.155816873,0.155979358,0.153458334,0.148666885,0.155385788
0.226,0.156527521,0.15668835,0.154130533,0.149331352,0.156082755
0.227,0.157238744,0.157397927,0.154803385,0.149996509,0.156780329
0.228,0.15795054,0.158108085,0.155476887,0.150662352,0.157478507
0.229,0.158662903,0.158818821,0.156151036,0.151328877,0.158177284
0.23,0.159375831,0.159530131,0.156825827,0.151996081,0.158876657
0.231,0.160089319,0.160242011,0.157501257,0.15266396,0.159576623
0.232,0.160803364,0.160954457,0.158177323,0.153332511,0.160277177
0.233,0.161517963,0.161667466,0.158854022,0.154001729,0.160978317
0.234,0.162233111,0.162381033,0.15953135,0.154671612,0.161680039
0.235,0.162948806,0.163095156,0.160209303,0.155342156,0.162382338
0.236,0.163665044,0.163809831,0.160887879,0.156013357,0.163085213
0.237,0.16438182,0.164525055,0.161567074,0.156685212,0.163788658
0.238,0.165099133,0.165240823,0.162246885,0.157357718,0.164492672
0.239,0.165816978,0.165957132,0.162927308,0.15803087,0.16519725
0.24,0.166535351,0.16667398,0.163608341,0.158704665,0.165902389
0.241,0.16725425,0.167391362,0.164289979,0.159379101,0.166608086
0.242,0.167973672,0.168109275,0.164972221,0.160054174,0.167314337
0.243,0.168693612,0.168827715,0.165655063,0.160729879,0.16802114
0.244,0.169414068,0.16954668,0.166338501,0.161406215,0.16872849
0.245,0.170135036,0.170266166,0.167022532,0.162083178,0.169436386
0.246,0.170856513,0.17098617,0.167707155,0.162760764,0.170144822
0.247,0.171578497,0.171706689,0.168392364,0.163438971,0.170853797
0.248,0.172300982,0.172427719,0.169078158,0.164117794,0.171563308
0.249,0.173023968,0.173149257,0.169764533,0.164797231,0.17227335
0.25,0.173747449,0.1738713,0.170451487,0.165477279,0.172983922
0.251,0.174471425,0.174593845,0.171139015,0.166157935,0.173695019
0.252,0.17519589,0.175316888,0.171827116,0.166839195,0.174406639
0.253,0.175920842,0.176040428,0.172515787,0.167521056,0.175118779
0.254,0.176646279,0.17676446,0.173205024,0.168203515,0.175831436
0.255,0.177372197,0.177488981,0.173894824,0.168886569,0.176544607
0.256,0.178098593,0.178213989,0.174585186,0.169570216,0.177258289
0.257,0.178825464,0.178939481,0.175276105,0.170254451,0.177972478
0.258,0.179552808,0.179665453,0.175967579,0.170939273,0.178687173
0.259,0.180280621,0.180391903,0.176659605,0.171624677,0.17940237
0.26,0.1810089,0.181118828,0.177352181,0.172310662,0.180118066
0.261,0.181737643,0.181846224,0.178045303,0.172997224,0.180834259
0.262,0.182466847,0.18257409,0.178738969,0.17368436,0.181550945
0.263,0.18319651,0.183302422,0.179433176,0.174372067,0.182268123
0.264,0.183926627,0.184031217,0.180127922,0.175060343,0.182985788
0.265,0.184657197,0.184760473,0.180823204,0.175749184,0.183703939
0.266,0.185388217,0.185490186,0.181519018,0.176438588,0.184422572
0.267,0.186119683,0.186220355,0.182215363,0.177128552,0.185141686
0.268,0.186851595,0.186950976,0.182912235,0.177819073,0.185861277
0.269,0.187583947,0.187682046,0.183609633,0.178510149,0.186581342
0.27,0.188316739,0.188413564,0.184307553,0.179201776,0.187301879
0.271,0.189049968,0.189145525,0.185005992,0.179893952,0.188022886
0.272,0.18978363,0.189877929,0.185704949,0.180586674,0.188744359
0.273,0.190517723,0.190610771,0.186404421,0.181279939,0.189466297
0.274,0.191252245,0.19134405,0.187104405,0.181973745,0.190188696
0.275,0.191987193,0.192077763,0.187804899,0.18266809,0.190911554
0.276,0.192722565,0.192811907,0.1885059,0.183362969,0.191634869
0.277,0.193458358,0.19354648,0.189207406,0.184058382,0.192358637
0.278,0.19419457,0.194281479,0.189909414,0.184754324,0.193082857
0.279,0.194931197,0.195016902,0.190611922,0.185450795,0.193807527
0.28,0.195668239,0.195752747,0.191314927,0.18614779,0.194532643
0.281,0.196405691,0.19648901,0.192018426,0.186845308,0.195258203
0.282,0.197143553,0.197225689,0.192722419,0.187543345,0.195984205
0.283,0.197881821,0.197962783,0.193426902,0.1882419,0.196710646
0.284,0.198620493,0.198700288,0.194131872,0.18894097,0.197437524
0.285,0.199359567,0.199438203,0.194837328,0.189640552,0.198164837
0.286,0.20009904,0.200176524,0.195543267,0.190340645,0.198892582
0.287,0.200838911,0.20091525,0.196249686,0.191041244,0.199620758
0.288,0.201579176,0.201654378,0.196956584,0.191742349,0.200349361
0.289,0.202319834,0.202393906,0.197663959,0.192443956,0.201078389
0.29,0.203060883,0.203133831,0.198371807,0.193146064,0.201807841
0.291,0.203802319,0.203874152,0.199080127,0.193848669,0.202537713
0.292,0.204544141,0.204614866,0.199788916,0.194551769,0.203268004
0.293,0.205286347,0.205355971,0.200498172,0.195255363,0.203998712
0.294,0.206028934,0.206097465,0.201207893,0.195959447,0.204729834
0.295,0.206771901,0.206839345,0.201918077,0.19666402,0.205461368
0.296,0.207515245,0.207581609,0.202628722,0.197369079,0.206193311
0.297,0.208258964,0.208324256,0.203339825,0.198074622,0.206925663
0.298,0.209003055,0.209067282,0.204051384,0.198780646,0.20765842
0.299,0.209747518,0.209810687,0.204763397,0.199487149,0.208391581
0.3,0.210492349,0.210554467,0.205475862,0.200194129,0.209125143
