Vin,179944,97512,66855,50867,41056,34392,29618,26008,23171,20898,19038,17466,16122,15000
-0.199,176531.7951,94164.84296,65347.98564,49836.49252,40253.91017,33731.79744,29005.18277,25404.55998,22554.59099,20254.20711,18357.77068,16743.62624,15352.92357,14182.27455
-0.198,176767.6978,94295.94392,65435.31416,49902.89691,40307.57548,33776.81197,29043.83904,25438.55951,22585.06728,20281.9937,18383.49421,16767.7558,15375.85105,14204.35908
-0.197,176920.817,94396.50869,65495.04564,49946.99339,40342.79039,33806.17328,29069.65677,25461.9918,22606.86548,20302.68066,18403.4371,16787.2129,15395.01816,14223.38915
-0.196,177072.4538,94496.29103,65554.22977,49990.67166,40377.66733,33835.25133,29095.23119,25485.21141,22628.47537,20323.199,18423.22755,16806.53126,15414.05823,14242.3019
-0.195,177222.564,94595.26667,65612.85009,50033.91922,40412.19621,33864.03769,29120.555,25508.21194,22649.89122,20343.54354,18442.86082,16825.70651,15432.9672,14261.09353
-0.194,177371.1036,94693.41126,65670.89012,50076.72357,40446.36696,33892.52392,29145.62093,25530.98698,22671.1073,20363.70906,18462.33216,16844.73426,15451.74099,14279.76023
-0.193,177518.0285,94790.70053,65728.33344,50119.07225,40480.16954,33920.70161,29170.42171,25553.53013,22692.11789,20383.69039,18481.6368,16863.61013,15470.37554,14298.2982
-0.192,177663.2951,94887.11033,65785.16375,50160.95291,40513.59398,33948.56241,29194.95015,25575.83505,22712.91731,20403.48238,18500.77004,16882.32976,15488.86679,14316.70363
-0.191,177806.8602,94982.61664,65841.36485,50202.35326,40546.63038,33976.09805,29219.19909,25597.89542,22733.4999,20423.07991,18519.72717,16900.88879,15507.2107,14334.97274
-0.19,177948.6806,95077.19558,65896.92066,50243.26112,40579.26893,34003.30029,29243.16143,25619.70499,22753.86007,20442.47788,18538.50352,16919.28293,15525.40325,14353.10176
-0.189,178088.7139,95170.82349,65951.81529,50283.66443,40611.4999,34030.16101,29266.83015,25641.25756,22773.99226,20461.67124,18557.09447,16937.50788,15543.44046,14371.08695
-0.188,178226.9181,95263.47689,66006.03297,50323.55127,40643.3137,34056.67216,29290.1983,25662.547,22793.89097,20480.65501,18575.49541,16955.55938,15561.31835,14388.92456
-0.187,178363.2514,95355.13257,66059.55816,50362.90985,40674.70082,34082.82581,29313.25901,25683.56725,22813.55076,20499.42424,18593.7018,16973.43323,15579.03299,14406.61091
-0.186,178497.6731,95445.76756,66112.3755,50401.72857,40705.65191,34108.61411,29336.00551,25704.31233,22832.96627,20517.97404,18611.70915,16991.12526,15596.5805,14424.14234
-0.185,178630.1428,95535.35923,66164.46987,50439.99598,40736.15776,34134.02935,29358.43113,25724.77634,22852.1322,20536.2996,18629.51303,17008.63134,15613.95702,14441.51521
-0.184,178760.6208,95623.88524,66215.82641,50477.70082,40766.2093,34159.06396,29380.52932,25744.9535,22871.04335,20554.39617,18647.10905,17025.94742,15631.15875,14458.72594
-0.183,178889.0683,95711.32361,66266.43049,50514.83207,40795.79764,34183.71049,29402.29364,25764.8381,22889.69459,20572.25909,18664.49293,17043.06949,15648.18194,14475.77099
-0.182,179015.4471,95797.65276,66316.26781,50551.37889,40824.91408,34207.96165,29423.71778,25784.42458,22908.08091,20589.88376,18681.66041,17059.99362,15665.02289,14492.64686
-0.181,179139.72,95882.85149,66365.32435,50587.3307,40853.55008,34231.81031,29444.79557,25803.70745,22926.19739,20607.26571,18698.60736,17076.71592,15681.67798,14509.35013
-0.18,179261.8505,95966.89908,66413.58641,50622.67717,40881.69734,34255.24951,29465.52098,25822.68139,22944.03922,20624.40052,18715.3297,17093.23262,15698.14364,14525.87741
-0.179,179381.8033,96049.77523,66461.04065,50657.40823,40909.34775,34278.27249,29485.88814,25841.3412,22961.6017,20641.28391,18731.82346,17109.53999,15714.41638,14542.22539
-0.178,179499.5438,96131.46018,66507.67409,50691.51409,40936.49344,34300.87263,29505.89135,25859.6818,22978.88026,20657.91169,18748.08476,17125.63441,15730.49276,14558.39082
-0.177,179615.0388,96211.93466,66553.47412,50724.98525,40963.12676,34323.04357,29525.52505,25877.69829,22995.87047,20674.27979,18764.10982,17141.51233,15746.36946,14574.37051
-0.176,179728.2559,96291.17995,66598.42855,50757.81252,40989.24033,34344.77911,29544.78391,25895.38589,23012.56801,20690.38426,18779.89496,17157.17031,15762.04322,14590.16138
-0.175,179839.164,96369.17793,66642.52559,50789.98705,41014.82702,34366.0733,29563.66273,25912.74003,23028.96873,20706.22126,18795.43663,17172.605,15777.51087,14605.76039
-0.174,179947.7331,96445.91104,66685.75388,50821.50028,41039.87996,34386.9204,29582.15653,25929.75625,23045.06861,20721.7871,18810.73137,17187.81317,15792.76934,14621.16462
-0.173,180053.9344,96521.36239,66728.10253,50852.34405,41064.3926,34407.31492,29600.26056,25946.43032,23060.86378,20737.07823,18825.77587,17202.79167,15807.81564,14636.37119
-0.172,180157.7406,96595.51571,66769.56111,50882.51051,41088.35863,34427.2516,29617.97022,25962.75815,23076.35054,20752.09121,18840.56692,17217.53749,15822.64691,14651.37737
-0.171,180259.1254,96668.3554,66810.11967,50911.99223,41111.77207,34446.72543,29635.28118,25978.73586,23091.52537,20766.82279,18855.10145,17232.04773,15837.26036,14666.18048
-0.17,180358.0642,96739.86658,66849.76877,50940.78211,41134.62725,34465.73167,29652.18929,25994.35976,23106.38488,20781.26983,18869.37654,17246.3196,15851.65335,14680.77795
-0.169,180454.5335,96810.03507,66888.49946,50968.87349,41156.91881,34484.26586,29668.69067,26009.62635,23120.9259,20795.42938,18883.38939,17260.35044,15865.82332,14695.16732
-0.168,180548.5114,96878.84743,66926.30336,50996.2601,41178.64172,34502.32378,29684.78164,26024.53236,23135.1454,20809.29862,18897.13735,17274.13772,15879.76784,14709.34624
-0.167,180639.9774,96946.29098,66963.17258,51022.93606,41199.79128,34519.90152,29700.45878,26039.07469,23149.04056,20822.87491,18910.61791,17287.67906,15893.4846,14723.31245
-0.166,180728.9126,97012.35382,66999.09981,51048.89595,41220.36314,34536.99544,29715.71891,26053.25048,23162.60875,20836.15579,18923.82874,17300.97218,15906.9714,14737.06381
-0.165,180815.2996,97077.02484,67034.07831,51074.13476,41240.3533,34553.60221,29730.5591,26067.0571,23175.84752,20849.13895,18936.76762,17314.01498,15920.22619,14750.59831
-0.164,180899.1224,97140.29375,67068.10189,51098.64792,41259.75812,34569.71877,29744.97667,26080.49212,23188.75461,20861.82227,18949.43253,17326.80547,15933.24703,14763.91403
-0.163,180980.3668,97202.15106,67101.16497,51122.43132,41278.57429,34585.34239,29758.96922,26093.55334,23201.328,20874.2038,18961.82157,17339.34182,15946.03211,14777.0092
-0.162,181059.02,97262.58815,67133.26254,51145.48128,41296.7989,34600.47064,29772.5346,26106.2388,23213.56582,20886.28177,18973.93304,17351.62234,15958.57977,14789.88215
-0.161,181135.0711,97321.59723,67164.39021,51167.7946,41314.42941,34615.1014,29785.67092,26118.54676,23225.46644,20898.0546,18985.76539,17363.6455,15970.88847,14802.53134
-0.16,181208.5107,97379.17138,67194.54417,51189.36853,41331.46363,34629.23285,29798.37658,26130.47574,23237.02844,20909.5209,18997.31723,17375.40991,15982.95682,14814.95535
-0.159,181279.3309,97435.30454,67223.72125,51210.20081,41347.89977,34642.8635,29810.65022,26142.02446,23248.25059,20920.67945,19008.58735,17386.91435,15994.78357,14827.15292
-0.158,181347.5257,97489.99154,67251.91888,51230.28961,41363.73641,34655.99219,29822.49078,26153.19191,23259.13188,20931.52925,19019.5747,17398.15773,16006.36759,14839.12288
-0.157,181413.0906,97543.2281,67279.13511,51249.63362,41378.97252,34668.61805,29833.89748,26163.97732,23269.67153,20942.06946,19030.27842,17409.13915,16017.70793,14850.8642
-0.156,181476.0231,97595.0108,67305.36861,51268.23197,41393.60744,34680.74057,29844.86979,26174.38014,23279.86894,20952.29944,19040.69782,17419.85783,16028.80374,14862.37601
-0.155,181536.3219,97645.33716,67330.61869,51286.08428,41407.64091,34692.35953,29855.40748,26184.40008,23289.72375,20962.21876,19050.83236,17430.31318,16039.65436,14873.65753
-0.154,181593.9879,97694.20556,67354.88527,51303.19064,41421.07305,34703.47504,29865.51059,26194.03708,23299.23581,20971.82716,19060.6817,17440.50475,16050.25924,14884.70816
-0.153,181649.0232,97741.61527,67378.16889,51319.55163,41433.90436,34714.08754,29875.17943,26203.29134,23308.4052,20981.12459,19070.24567,17450.43226,16060.61799,14895.52739
-0.152,181701.432,97787.56649,67400.47073,51335.1683,41446.13572,34724.19779,29884.41459,26212.16329,23317.23217,20990.11118,19079.52426,17460.09558,16070.73036,14906.11488
-0.151,181751.2198,97832.06027,67421.79256,51350.04214,41457.7684,34733.80687,29893.21694,26220.6536,23325.71723,20998.78726,19088.51766,17469.49474,16080.59626,14916.47039
-0.15,181798.3941,97875.09857,67442.13678,51364.17515,41468.80405,34742.91616,29901.58762,26228.76318,23333.86108,21007.15334,19097.2262,17478.62993,16090.21572,14926.59385
-0.149,181842.9638,97916.68423,67461.5064,51377.56978,41479.24468,34751.52737,29909.52804,26236.49317,23341.66464,21015.21012,19105.65041,17487.5015,16099.58893,14936.48529
-0.148,181884.9395,97956.82095,67479.90504,51390.22893,41489.09268,34759.64252,29917.03987,26243.84496,23349.12902,21022.95852,19113.79097,17496.10995,16108.71623,14946.1449
-0.147,181924.3335,97995.51332,67497.3369,51402.15597,41498.3508,34767.26393,29924.12505,26250.82017,23356.25556,21030.39959,19121.64875,17504.45593,16117.59808,14955.57298
-0.146,181961.1595,98032.76676,67513.80678,51413.35469,41507.02218,34774.39423,29930.78579,26257.42063,23363.04579,21037.53462,19129.22477,17512.54026,16126.2351,14964.76998
-0.145,181995.4328,98068.58754,67529.32005,51423.82936,41515.11027,34781.03635,29937.02453,26263.64841,23369.50144,21044.36503,19136.52021,17520.36389,16134.62805,14973.73646
-0.144,182027.1705,98102.98276,67543.88266,51433.58465,41522.61891,34787.1935,29942.844,26269.5058,23375.62444,21050.89245,19143.53643,17527.92794,16142.7778,14982.47313
-0.143,182056.3909,98135.96036,67557.50111,51442.62568,41529.55225,34792.86919,29948.24715,26274.99532,23381.41692,21057.11868,19150.27495,17535.23366,16150.68539,14990.98079
-0.142,182083.1137,98167.52903,67570.18246,51450.95797,41535.9148,34798.0672,29953.23717,26280.11967,23386.8812,21063.04569,19156.73741,17542.28244,16158.35197,14999.26041
-0.141,182107.3605,98197.69831,67581.9343,51458.58745,41541.7114,34802.7916,29957.81751,26284.8818,23392.01977,21068.67561,19162.92566,17549.07584,16165.77883,15007.31304
-0.14,182129.1538,98226.47845,67592.76473,51465.52046,41546.94719,34807.04672,29961.99185,26289.28483,23396.83532,21074.01075,19168.84166,17555.61552,16172.96739,15015.13987
-0.139,182148.5177,98253.88049,67602.68238,51471.7637,41551.62764,34810.83715,29965.76406,26293.33208,23401.33071,21079.05356,19174.48752,17561.90329,16179.91918,15022.74222
-0.138,182165.4777,98279.91618,67611.69637,51477.32428,41555.75851,34814.16773,29969.13826,26297.0271,23405.50896,21083.80667,19179.86552,17567.94112,16186.63588,15030.12148
-0.137,182180.0604,98304.59799,67619.81628,51482.20964,41559.34586,34817.04357,29972.11879,26300.37358,23409.37329,21088.27283,19184.97803,17573.73106,16193.11925,15037.2792
-0.136,182192.2938,98327.93906,67627.05219,51486.42761,41562.39605,34819.46997,29974.71017,26303.37542,23412.92705,21092.45498,19189.82761,17579.27531,16199.37121,15044.21702
-0.135,182202.207,98349.95322,67633.41461,51489.98632,41564.91568,34821.45252,29976.91712,26306.03669,23416.17376,21096.35615,19194.41691,17584.5762,16205.39375,15050.93667
-0.134,182209.8302,98370.65495,67638.91446,51492.89426,41566.91164,34822.99697,29978.74458,26308.36161,23419.11709,21099.97956,19198.74873,17589.63616,16211.18901,15057.44
-0.133,182215.195,98390.05931,67643.56313,51495.16022,41568.39108,34824.10934,29980.19765,26310.35459,23421.76085,21103.32853,19202.82597,17594.45772,16216.75919,15063.72895
-0.132,182218.3338,98408.182,67647.37236,51496.7933,41569.36136,34824.79582,29981.2816,26312.02019,23424.109,21106.40651,19206.65167,17599.04356,16222.10664,15069.80558
-0.131,182219.28,98425.03928,67650.3543,51497.80288,41569.8301,34825.06279,29982.00188,26313.36309,23426.16563,21109.21707,19210.22897,17603.39643,16227.23376,15075.672
-0.13,182218.0681,98440.64796,67652.52146,51498.19862,41569.80515,34824.91684,29982.36411,26314.38816,23427.93495,21111.76392,19213.56112,17607.5192,16232.14309,15081.33044
-0.129,182214.7336,98455.02538,67653.88668,51497.99045,41569.29454,34824.36472,29982.37405,26315.10035,23429.42131,21114.05086,19216.65146,17611.41481,16236.83722,15086.78321
-0.128,182209.3126,98468.18936,67654.46316,51497.18853,41568.30652,34823.41335,29982.0376,26315.5048,23430.62915,21116.0818,19219.50346,17615.08632,16241.31886,15092.0327
-0.127,182201.8422,98480.15821,67654.26439,51495.80328,41566.84954,34822.06981,29981.36082,26315.60671,23431.56304,21117.86074,19222.12065,17618.53687,16245.59078,15097.08138
-0.126,182192.3604,98490.95071,67653.30416,51493.84532,41564.9322,34820.34133,29980.34987,26315.41145,23432.22766,21119.3918,19224.50666,17621.76966,16249.65582,15101.93178
-0.125,182180.9058,98500.58601,67651.59652,51491.32548,41562.56328,34818.23528,29979.01105,26314.92445,23432.62776,21120.67918,19226.66522,17624.78801,16253.51693,15106.58652
-0.124,182167.5175,98509.08372,67649.15582,51488.25481,41559.75173,34815.75916,29977.35076,26314.15128,23432.76819,21121.72714,19228.60011,17627.59528,16257.1771,15111.04827
-0.123,182152.2355,98516.46379,67645.9966,51484.6445,41556.50662,34812.92059,29975.37553,26313.09758,23432.65391,21122.54005,19230.3152,17630.1949,16260.63939,15115.31978
-0.122,182135.1003,98522.74652,67642.13366,51480.50594,41552.83717,34809.7273,29973.09196,26311.76908,23432.28993,21123.12235,19231.81443,17632.59039,16263.90693,15119.40386
-0.121,182116.153,98527.95255,67637.582,51475.85066,41548.75273,34806.18713,29970.50676,26310.1716,23431.68135,21123.47853,19233.10179,17634.78531,16266.98291,15123.30335
-0.12,182095.435,98532.1028,67632.35678,51470.69032,41544.26274,34802.308,29967.62671,26308.31103,23430.83334,21123.61316,19234.18136,17636.78329,16269.87056,15127.02118
-0.119,182072.9884,98535.21849,67626.47337,51465.03674,41539.37676,34798.09794,29964.45866,26306.19331,23429.7511,21123.53085,19235.05723,17638.58799,16272.57318,15130.5603
-0.118,182048.8555,98537.32108,67619.94728,51458.90184,41534.10445,34793.56503,29961.00955,26303.82448,23428.43993,21123.23628,19235.73358,17640.20314,16275.0941,15133.92371
-0.117,182023.0792,98538.43225,67612.79415,51452.29761,41528.45553,34788.71745,29957.28636,26301.21059,23426.90515,21122.73417,19236.21461,17641.63251,16277.43669,15137.11447
-0.116,181995.7023,98538.57391,67605.02976,51445.23619,41522.4398,34783.56341,29953.29613,26298.35777,23425.15214,21122.02929,19236.50457,17642.8799,16279.60438,15140.13566
-0.115,181966.7683,98537.76812,67596.66998,51437.72976,41516.06714,34778.11118,29949.04596,26295.27218,23423.18631,21121.12643,19236.60775,17643.94915,16281.60062,15142.99039
-0.114,181936.3208,98536.03714,67587.73079,51429.79058,41509.34747,34772.3691,29944.54295,26291.96002,23421.01311,21120.03042,19236.52847,17644.84414,16283.42889,15145.68183
-0.113,181904.4034,98533.40335,67578.22823,51421.43096,41502.29074,34766.34551,29939.79428,26288.42751,23418.63803,21118.74614,19236.27108,17645.56877,16285.09271,15148.21315
-0.112,181871.0602,98529.88924,67568.17842,51412.66326,41494.90696,34760.0488,29934.80712,26284.68091,23416.06655,21117.27846,19235.83993,17646.12696,16286.59561,15150.58755
-0.111,181836.3351,98525.51743,67557.59752,51403.49988,41487.20617,34753.48738,29929.58869,26280.72649,23413.30421,21115.63229,19235.23944,17646.52267,16287.94115,15152.80828
-0.11,181800.2722,98520.31058,67546.50172,51393.95322,41479.1984,34746.66969,29924.14621,26276.57054,23410.35654,21113.81256,19234.47399,17646.75984,16289.13291,15154.87857
-0.109,181762.9157,98514.29145,67534.90726,51384.03574,41470.89372,34739.60414,29918.4869,26272.21935,23407.22909,21111.82419,19233.54802,17646.84247,16290.17448,15156.80168
-0.108,181724.3098,98507.4828,67522.83034,51373.75985,41462.30218,34732.29918,29912.618,26267.67922,23403.9274,21109.67212,19232.46594,17646.77454,16291.06947,15158.58091
-0.107,181684.4986,98499.90746,67510.2872,51363.13799,41453.43384,34724.76324,29906.54673,26262.95647,23400.45703,21107.3613,19231.2322,17646.56003,16291.82147,15160.21952
-0.106,181643.5262,98491.58822,67497.29406,51352.18259,41444.29875,34717.00474,29900.28032,26258.05736,23396.82354,21104.89667,19229.85122,17646.20296,16292.43413,15161.72082
-0.105,181601.4365,98482.5479,67483.86709,51340.90602,41434.90692,34709.03208,29893.82598,26252.98821,23393.03246,21102.28316,19228.32744,17645.70732,16292.91105,15163.08811
-0.104,181558.2735,98472.80925,67470.02244,51329.32067,41425.26837,34700.85365,29887.19089,26247.75526,23389.08932,21099.5257,19226.66529,17645.0771,16293.25586,15164.32469
-0.103,181514.0809,98462.39501,67455.77622,51317.43885,41415.39305,34692.4778,29880.38222,26242.36478,23384.99965,21096.62922,19224.86918,17644.31631,16293.47217,15165.43387
-0.102,181468.9023,98451.32786,67441.14445,51305.27283,41405.29088,34683.91285,29873.40712,26236.82299,23380.76893,21093.59862,19222.94354,17643.42891,16293.56361,15166.41895
-0.101,181422.781,98439.63037,67426.14312,51292.83483,41394.97176,34675.16709,29866.27269,26231.13609,23376.40267,21090.43879,19220.89274,17642.41889,16293.53377,15167.28321
-0.1,181375.7602,98427.32506,67410.7881,51280.13702,41384.44551,34666.24875,29858.986,26225.31026,23371.90629,21087.15458,19218.72118,17641.29021,16293.38626,15168.02996
-0.099,181327.8827,98414.43433,67395.09521,51267.19148,41373.7219,34657.16603,29851.55409,26219.35164,23367.28523,21083.75085,19216.4332,17640.04681,16293.12467,15168.66246
-0.098,181279.1911,98400.98048,67379.08015,51254.01023,41362.81064,34647.92707,29843.98394,26213.26632,23362.54488,21080.23241,19214.03315,17638.69262,16292.75255,15169.184
-0.097,181229.7278,98386.98565,67362.75851,51240.60519,41351.72138,34638.53995,29836.2825,26207.06037,23357.6906,21076.60405,19211.52534,17637.23154,16292.27347,15169.59782
-0.096,181179.5347,98372.47186,67346.1458,51226.9882,41340.46369,34629.0127,29828.45664,26200.73981,23352.72771,21072.87051,19208.91406,17635.66745,16291.69096,15169.90717
-0.095,181128.6534,98357.46098,67329.25736,51213.171,41329.04705,34619.35326,29820.5132,26194.31059,23347.66148,21069.03653,19206.20355,17634.00423,16291.00854,15170.11527
-0.094,181077.1254,98341.9747,67312.10844,51199.16524,41317.48088,34609.56953,29812.45896,26187.77864,23342.49716,21065.10679,19203.39806,17632.24569,16290.22968,15170.22531
-0.093,181024.9914,98326.03455,67294.71413,51184.98245,41305.7745,34599.66931,29804.30062,26181.14983,23337.23994,21061.08592,19200.50175,17630.39564,16289.35788,15170.24049
-0.092,180972.2919,98309.66186,67277.08939,51170.63405,41293.93715,34589.66035,29796.04484,26174.42996,23331.89496,21056.97854,19197.5188,17628.45784,16288.39655,15170.16395
-0.091,180919.0671,98292.87776,67259.249,51156.13136,41281.97794,34579.55031,29787.69819,26167.62479,23326.46732,21052.7892,19194.45331,17626.43605,16287.34911,15169.99884
-0.09,180865.3565,98275.70319,67241.20762,51141.48555,41269.90594,34569.34675,29779.26717,26160.74,23320.96204,21048.52241,19191.30936,17624.33396,16286.21894,15169.74827
-0.089,180811.1993,98258.15884,67222.97973,51126.70768,41257.73006,34559.05717,29770.75823,26153.78123,23315.38412,21044.18263,19188.09099,17622.15523,16285.0094,15169.41531
-0.088,180756.6344,98240.26522,67204.57963,51111.80868,41245.45914,34548.68895,29762.17771,26146.75403,23309.73849,21039.77429,19184.80219,17619.9035,16283.72379,15169.00301
-0.087,180701.6998,98222.04256,67186.02145,51096.79932,41233.10188,34538.24942,29753.5319,26139.66389,23304.03002,21035.30175,19181.4469,17617.58236,16282.3654,15168.5144
-0.086,180646.4333,98203.51088,67167.31915,51081.69027,41220.6669,34527.74577,29744.82699,26132.51625,23298.2635,21030.76931,19178.02901,17615.19534,16280.93746,15167.95246
-0.085,180590.8721,98184.68993,67148.4865,51066.49204,41208.16269,34517.18511,29736.0691,26125.31644,23292.44369,21026.18123,19174.55239,17612.74596,16279.4432,15167.32015
-0.084,180535.053,98165.59921,67129.53708,51051.21497,41195.59761,34506.57447,29727.26426,26118.06975,23286.57527,21021.54171,19171.02082,17610.23768,16277.88576,15166.62039
-0.083,180479.0121,98146.25796,67110.48426,51035.86928,41182.9799,34495.92076,29718.41841,26110.78138,23280.66285,21016.85489,19167.43806,17607.6739,16276.26829,15165.85605
-0.082,180422.7851,98126.68512,67091.34123,51020.46503,41170.3177,34485.23077,29709.5374,26103.45646,23274.71099,21012.12485,19163.80781,17605.05801,16274.59386,15165.03
-0.081,180366.4069,98106.8994,67072.12097,51005.01211,41157.619,34474.51121,29700.62699,26096.10002,23268.72415,21007.3556,19160.1337,17602.39331,16272.86552,15164.14503
-0.08,180309.9121,98086.9192,67052.83626,50989.52027,41144.89166,34463.76868,29691.69286,26088.71704,23262.70675,21002.55112,19156.41933,17599.68308,16271.08626,15163.20392
-0.079,180253.3347,98066.76263,67033.49967,50973.99911,41132.14344,34453.00965,29682.74059,26081.31241,23256.66313,20997.7153,19152.66822,17596.93055,16269.25905,15162.2094
-0.078,180196.7079,98046.44752,67014.12355,50958.45802,41119.38193,34442.24051,29673.77564,26073.89092,23250.59755,20992.85196,19148.88385,17594.13887,16267.38679,15161.16415
-0.077,180140.0646,98025.9914,66994.72004,50942.90628,41106.61461,34431.46752,29664.80342,26066.4573,23244.51421,20987.96488,19145.06964,17591.31119,16265.47235,15160.07083
-0.076,180083.437,98005.41149,66975.30108,50927.35296,41093.84882,34420.69682,29655.82922,26059.01618,23238.41723,20983.05776,19141.22896,17588.45055,16263.51854,15158.93204
-0.075,180026.8566,97984.72474,66955.87837,50911.80701,41081.09177,34409.93446,29646.85823,26051.57213,23232.31065,20978.13424,19137.36509,17585.55999,16261.52813,15157.75035
-0.074,179970.3545,97963.94776,66936.46342,50896.27717,41068.35053,34399.18636,29637.89555,26044.12961,23226.19845,20973.19789,19133.48129,17582.64245,16259.50385,15156.52827
-0.073,179913.9609,97943.09688,66917.06748,50880.77204,41055.63204,34388.45832,29628.94617,26036.693,23220.08453,20968.25222,19129.58074,17579.70086,16257.44837,15155.26829
-0.072,179857.7059,97922.18811,66897.70162,50865.30003,41042.94309,34377.75606,29620.01501,26029.2666,23213.9727,20963.30066,19125.66655,17576.73806,16255.36432,15153.97283
-0.071,179801.6184,97901.23714,66878.37666,50849.86939,41030.29034,34367.08514,29611.10686,26021.85462,23207.86672,20958.34659,19121.74181,17573.75686,16253.25427,15152.64428
-0.07,179745.7273,97880.25938,66859.10322,50834.48821,41017.68032,34356.45103,29602.22642,26014.46119,23201.77024,20953.39332,19117.8095,17570.76001,16251.12075,15151.28499
-0.069,179690.0603,97859.2699,66839.8917,50819.1644,41005.11941,34345.85909,29593.37831,26007.09036,23195.68688,20948.44407,19113.87257,17567.7502,16248.96625,15149.89726
-0.068,179634.645,97838.28349,66820.75225,50803.9057,40992.61388,34335.31454,29584.56704,25999.74608,23189.62015,20943.50201,19109.9339,17564.73007,16246.79318,15148.48334
-0.067,179579.5082,97817.3146,66801.69485,50788.7197,40980.16983,34324.82252,29575.79701,25992.43221,23183.5735,20938.57027,19105.99632,17561.70221,16244.60394,15147.04545
-0.066,179524.676,97796.37739,66782.7292,50773.61379,40967.79324,34314.38803,29567.07254,25985.15255,23177.55029,20933.65186,19102.06259,17558.66914,16242.40085,15145.58574
-0.065,179470.1741,97775.48572,66763.86485,50758.59523,40955.48997,34304.01598,29558.39784,25977.9108,23171.55383,20928.74976,19098.13542,17555.63334,16240.1862,15144.10634
-0.064,179416.0275,97754.65312,66745.11107,50743.67109,40943.26571,34293.71114,29549.77704,25970.71057,23165.58732,20923.86687,19094.21744,17552.59723,16237.96222,15142.60932
-0.063,179362.2607,97733.89283,66726.47698,50728.84829,40931.12607,34283.47819,29541.21417,25963.5554,23159.65393,20919.00604,19090.31124,17549.5632,16235.7311,15141.09672
-0.062,179308.8976,97713.2178,66707.97142,50714.13357,40919.07647,34273.32169,29532.71314,25956.44874,23153.75673,20914.17003,19086.41934,17546.53354,16233.49498,15139.57052
-0.061,179255.9614,97692.64066,66689.60307,50699.53353,40907.12224,34263.24611,29524.27781,25949.39397,23147.89872,20909.36155,19082.54422,17543.51053,16231.25593,15138.03267
-0.06,179203.4749,97672.17376,66671.38039,50685.0546,40895.26857,34253.25577,29515.91191,25942.39436,23142.08283,20904.58325,19078.68829,17540.49638,16229.01601,15136.48506
-0.059,179151.4602,97651.82914,66653.31161,50670.70304,40883.52052,34243.35494,29507.6191,25935.45313,23136.31192,20899.83772,19074.85389,17537.49324,16226.77721,15134.92955
-0.058,179099.9391,97631.61857,66635.40479,50656.48499,40871.88303,34233.54773,29499.40294,25928.57342,23130.58878,20895.12746,19071.04332,17534.50323,16224.54148,15133.36795
-0.057,179048.9326,97611.5535,66617.66777,50642.4064,40860.36091,34223.83819,29491.2669,25921.75826,23124.91614,20890.45493,19067.25883,17531.5284,16222.31072,15131.80204
-0.056,178998.4612,97591.64514,66600.10818,50628.47308,40848.95885,34214.23023,29483.21437,25915.01064,23119.29664,20885.82253,19063.50259,17528.57076,16220.08677,15130.23354
-0.055,178948.545,97571.90437,66582.73348,50614.69069,40837.68141,34204.72768,29475.24865,25908.33344,23113.73287,20881.2326,19059.77674,17525.63226,16217.87147,15128.66414
-0.054,178899.2034,97552.34183,66565.55092,50601.06475,40826.53304,34195.33427,29467.37293,25901.72951,23108.22735,20876.6874,19056.08336,17522.71482,16215.66655,15127.09548
-0.053,178850.4554,97532.96788,66548.56757,50587.60062,40815.51807,34186.05363,29459.59036,25895.20157,23102.78253,20872.18915,19052.42446,17519.82029,16213.47376,15125.52917
-0.052,178802.3195,97513.79259,66531.79029,50574.30353,40804.64073,34176.88928,29451.90397,25888.75232,23097.4008,20867.74002,19048.80201,17516.95049,16211.29476,15123.96677
-0.051,178754.8137,97494.82579,66515.22577,50561.17856,40793.9051,34167.84465,29444.31672,25882.38434,23092.08447,20863.3421,19045.21794,17514.10717,16209.13119,15122.40981
-0.05,178707.9553,97476.07702,66498.88053,50548.23066,40783.31518,34158.9231,29436.83149,25876.10017,23086.83582,20858.99743,19041.6741,17511.29207,16206.98464,15120.85976
-0.049,178661.7614,97457.55559,66482.76088,50535.46462,40772.87484,34150.12786,29429.45109,25869.90228,23081.65704,20854.708,19038.17233,17508.50684,16204.85665,15119.31808
-0.048,178616.2486,97439.27054,66466.87298,50522.88514,40762.58785,34141.46209,29422.17823,25863.79306,23076.55026,20850.47576,19034.71437,17505.75312,16202.74874,15117.78618
-0.047,178571.4327,97421.23065,66451.22281,50510.49673,40752.45788,34132.92885,29415.01555,25857.77483,23071.51757,20846.30256,19031.30196,17503.03249,16200.66237,15116.26542
-0.046,178527.3295,97403.44448,66435.81617,50498.30381,40742.48847,34124.53114,29407.96562,25851.84986,23066.56098,20842.19025,19027.93676,17500.34649,16198.59896,15114.75713
-0.045,178483.9541,97385.92032,66420.65869,50486.31067,40732.68308,34116.27182,29401.03095,25846.02034,23061.68246,20838.14059,19024.62039,17497.69661,16196.55991,15113.26261
-0.044,178441.321,97368.66625,66405.75586,50474.52145,40723.04507,34108.15372,29394.21394,25840.28839,23056.8839,20834.15532,19021.35444,17495.0843,16194.54655,15111.78312
-0.043,178399.4446,97351.69008,66391.11298,50462.9402,40713.57768,34100.17955,29387.51695,25834.65609,23052.16715,20830.23609,19018.14042,17492.51098,16192.56021,15110.31989
-0.042,178358.3387,97334.99941,66376.7352,50451.57081,40704.28407,34092.35196,29380.94225,25829.12544,23047.53402,20826.38454,19014.97983,17489.97801,16190.60214,15108.8741
-0.041,178318.0167,97318.60161,66362.62751,50440.41708,40695.16729,34084.67351,29374.49205,25823.69838,23042.98623,20822.60224,19011.8741,17487.48672,16188.67359,15107.4469
-0.04,178278.4915,97302.50384,66348.79476,50429.48268,40686.23031,34077.14667,29368.1685,25818.3768,23038.52546,20818.89071,19008.82464,17485.03841,16186.77575,15106.03942
-0.039,178239.7757,97286.713,66335.24163,50418.77118,40677.47599,34069.77385,29361.97366,25813.16253,23034.15336,20815.25143,19005.83279,17482.63431,16184.90977,15104.65274
-0.038,178201.8815,97271.23582,66321.97267,50408.28602,40668.90711,34062.55737,29355.90954,25808.05732,23029.8715,20811.68584,19002.89987,17480.27564,16183.07679,15103.28791
-0.037,178164.8206,97256.07878,66308.99226,50398.03052,40660.52637,34055.49948,29349.97808,25803.0629,23025.68141,20808.19532,19000.02715,17477.96358,16181.27788,15101.94596
-0.036,178128.6044,97241.24818,66296.30465,50388.00792,40652.33636,34048.60237,29344.18116,25798.18091,23021.58457,20804.78122,18997.21585,17475.69926,16179.51412,15100.62787
-0.035,178093.244,97226.75009,66283.91396,50378.22133,40644.33958,34041.86813,29338.5206,25793.41296,23017.58242,20801.44482,18994.46718,17473.48377,16177.78651,15099.3346
-0.034,178058.75,97212.59039,66271.82415,50368.67376,40636.53849,34035.2988,29332.99816,25788.76058,23013.67633,20798.18739,18991.78226,17471.31818,16176.09605,15098.06707
-0.033,178025.1325,97198.77475,66260.03905,50359.36811,40628.9354,34028.89634,29327.61551,25784.22528,23009.86764,20795.01013,18989.16223,17469.20351,16174.44369,15096.82617
-0.032,177992.4017,97185.30867,66248.56237,50350.30721,40621.53259,34022.66265,29322.3743,25779.80849,23006.15764,20791.91422,18986.60814,17467.14076,16172.83034,15095.61279
-0.031,177960.5668,97172.19741,66237.39766,50341.49373,40614.33224,34016.59954,29317.27611,25775.5116,23002.54758,20788.90078,18984.12103,17465.13087,16171.25691,15094.42773
-0.03,177929.6373,97159.44608,66226.54837,50332.9303,40607.33644,34010.70878,29312.32245,25771.33595,22999.03864,20785.9709,18981.7019,17463.17478,16169.72424,15093.27181
-0.029,177899.6219,97147.05959,66216.0178,50324.61943,40600.54722,34004.99206,29307.51478,25767.28282,22995.63199,20783.12562,18979.35171,17461.27336,16168.23316,15092.14581
-0.028,177870.5291,97135.04266,66205.80913,50316.56351,40593.96652,33999.451,29302.85452,25763.35346,22992.32873,20780.36595,18977.07138,17459.42748,16166.78447,15091.05047
-0.027,177842.3671,97123.39982,66195.92542,50308.76488,40587.59621,33994.08718,29298.343,25759.54905,22989.12993,20777.69287,18974.8618,17457.63795,16165.37893,15089.98651
-0.026,177815.1439,97112.13545,66186.36961,50301.22575,40581.43809,33988.9021,29293.98152,25755.87075,22986.03662,20775.10729,18972.72383,17455.90556,16164.01728,15088.95461
-0.025,177788.8668,97101.25372,66177.14451,50293.94826,40575.49387,33983.89719,29289.77134,25752.31964,22983.04977,20772.61012,18970.65828,17454.23107,16162.70023,15087.95545
-0.024,177763.5432,97090.75863,66168.25282,50286.93446,40569.76521,33979.07383,29285.71363,25748.89677,22980.17032,20770.2022,18968.66593,17452.61521,16161.42844,15086.98965
-0.023,177739.1799,97080.65403,66159.69712,50280.1863,40564.25367,33974.43334,29281.80954,25745.60315,22977.39919,20767.88435,18966.74754,17451.05867,16160.20256,15086.05782
-0.022,177715.7835,97070.94359,66151.47986,50273.70565,40558.96077,33969.97699,29278.06017,25742.43974,22974.73721,20765.65736,18964.90382,17449.56211,16159.02323,15085.16055
-0.021,177693.3603,97061.63079,66143.6034,50267.49428,40553.88793,33965.70598,29274.46653,25739.40746,22972.18523,20763.52196,18963.13546,17448.12617,16157.89101,15084.29839
-0.02,177671.9163,97052.71896,66136.06999,50261.5539,40549.03653,33961.62144,29271.02963,25736.50717,22969.74401,20761.47887,18961.44311,17446.75145,16156.80648,15083.47186
-0.019,177651.4572,97044.21128,66128.88173,50255.88611,40544.40787,33957.72446,29267.7504,25733.7397,22967.4143,20759.52877,18959.82739,17445.43852,16155.77018,15082.68148
-0.018,177631.9883,97036.11074,66122.04066,50250.49244,40540.00317,33954.01609,29264.62973,25731.10585,22965.1968,20757.67228,18958.28888,17444.18793,16154.7826,15081.92771
-0.017,177613.5148,97028.42019,66115.54867,50245.37434,40535.8236,33950.49729,29261.66846,25728.60634,22963.09219,20755.91003,18956.82815,17443.0002,16153.84423,15081.21101
-0.016,177596.0415,97021.14231,66109.40757,50240.53318,40531.87026,33947.16897,29258.86739,25726.24189,22961.10108,20754.24257,18955.44571,17441.87581,16152.95553,15080.5318
-0.015,177579.5728,97014.27963,66103.61906,50235.97023,40528.14418,33944.03202,29256.22727,25724.01315,22959.22407,20752.67045,18954.14207,17440.81521,16152.11691,15079.89049
-0.014,177564.1132,97007.83451,66098.18472,50231.6867,40524.64634,33941.08724,29253.7488,25721.92075,22957.46171,20751.19417,18952.91768,17439.81884,16151.32879,15079.28746
-0.013,177549.6664,97001.80917,66093.10604,50227.68372,40521.37764,33938.33539,29251.43264,25719.96525,22955.81453,20749.8142,18951.77298,17438.8871,16150.59153,15078.72305
-0.012,177536.2363,96996.20568,66088.3844,50223.96232,40518.33892,33935.77718,29249.27938,25718.1472,22954.28301,20748.53098,18950.70838,17438.02037,16149.90549,15078.19759
-0.011,177523.8262,96991.02593,66084.02107,50220.5235,40515.53098,33933.41325,29247.28961,25716.46711,22952.86759,20747.34492,18949.72424,17437.21898,16149.27099,15077.71139
-0.01,177512.4393,96986.27169,66080.01725,50217.36812,40512.95452,33931.24422,29245.46384,25714.92541,22951.56868,20746.25639,18948.82091,17436.48327,16148.68832,15077.26474
-0.009,177502.0784,96981.94457,66076.374,50214.49702,40510.6102,33929.27063,29243.80254,25713.52255,22950.38667,20745.26574,18947.9987,17435.81351,16148.15776,15076.85787
-0.008,177492.7463,96978.04602,66073.0923,50211.91092,40508.49862,33927.49299,29242.30615,25712.25889,22949.32189,20744.37327,18947.25791,17435.20998,16147.67955,15076.49103
-0.007,177484.4451,96974.57736,66070.17303,50209.61051,40506.62032,33925.91173,29240.97505,25711.13478,22948.37464,20743.57926,18946.59878,17434.67291,16147.25393,15076.16443
-0.006,177477.1771,96971.53974,66067.61698,50207.59635,40504.97577,33924.52727,29239.80959,25710.15052,22947.54521,20742.88397,18946.02155,17434.20251,16146.88107,15075.87825
-0.005,177470.944,96968.93418,66065.42481,50205.86898,40503.56538,33923.33994,29238.81007,25709.30638,22946.83383,20742.2876,18945.52641,17433.79897,16146.56116,15075.63265
-0.004,177465.7474,96966.76156,66063.59712,50204.42884,40502.38952,33922.35005,29237.97674,25708.60258,22946.2407,20741.79034,18945.11353,17433.46245,16146.29435,15075.42777
-0.003,177461.5885,96965.0226,66062.13438,50203.27628,40501.44847,33921.55783,29237.30982,25708.03932,22945.766,20741.39235,18944.78306,17433.19307,16146.08075,15075.26373
-0.002,177458.4684,96963.71787,66061.03699,50202.4116,40500.74248,33920.9635,29236.80948,25707.61674,22945.40985,20741.09375,18944.53511,17432.99095,16145.92046,15075.14062
-0.001,177456.388,96962.84781,66060.30524,50201.83503,40500.27172,33920.5672,29236.47585,25707.33495,22945.17236,20740.89464,18944.36976,17432.85615,16145.81357,15075.05851
0,177455.3476,96962.41271,66059.93931,50201.5467,40500.03631,33920.36902,29236.30902,25707.19404,22945.0536,20740.79506,18944.28707,17432.78874,16145.7601,15075.01744
0.001,177455.3476,96962.4127,66059.93931,50201.54671,40500.03631,33920.36902,29236.30902,25707.19404,22945.0536,20740.79506,18944.28707,17432.78874,16145.7601,15075.01744
0.002,177456.388,96962.84781,66060.30524,50201.83503,40500.27172,33920.5672,29236.47585,25707.33495,22945.17236,20740.89464,18944.36976,17432.85615,16145.81357,15075.05851
0.003,177458.4684,96963.71787,66061.03699,50202.4116,40500.74248,33920.9635,29236.80948,25707.61674,22945.40985,20741.09375,18944.53511,17432.99095,16145.92046,15075.14062
0.004,177461.5885,96965.02259,66062.13438,50203.27627,40501.44847,33921.55783,29237.30982,25708.03932,22945.766,20741.39235,18944.78306,17433.19307,16146.08075,15075.26373
0.005,177465.7473,96966.76156,66063.59712,50204.42883,40502.38951,33922.35004,29237.97674,25708.60258,22946.2407,20741.79034,18945.11353,17433.46245,16146.29435,15075.42777
0.006,177470.944,96968.93418,66065.42481,50205.86898,40503.56538,33923.33994,29238.81006,25709.30638,22946.83383,20742.2876,18945.52641,17433.79897,16146.56116,15075.63265
0.007,177477.1771,96971.53973,66067.61698,50207.59635,40504.97576,33924.52727,29239.80959,25710.15052,22947.54521,20742.88396,18946.02155,17434.20251,16146.88107,15075.87825
0.008,177484.4451,96974.57735,66070.17303,50209.6105,40506.62031,33925.91173,29240.97505,25711.13478,22948.37464,20743.57926,18946.59878,17434.6729,16147.25393,15076.16443
0.009,177492.7463,96978.04601,66073.09229,50211.91092,40508.49862,33927.49298,29242.30615,25712.25888,22949.32188,20744.37326,18947.25791,17435.20997,16147.67955,15076.49103
0.01,177502.0784,96981.94456,66076.37399,50214.49701,40510.61019,33929.27063,29243.80254,25713.52254,22950.38666,20745.26573,18947.9987,17435.81351,16148.15776,15076.85787
0.011,177512.4393,96986.27168,66080.01724,50217.36811,40512.95451,33931.24422,29245.46383,25714.92541,22951.56868,20746.25639,18948.82091,17436.48326,16148.68832,15077.26473
0.012,177523.8262,96991.02592,66084.02106,50220.52349,40515.53097,33933.41325,29247.28961,25716.4671,22952.86758,20747.34492,18949.72424,17437.21898,16149.27099,15077.71139
0.013,177536.2363,96996.20566,66088.38439,50223.96232,40518.33892,33935.77717,29249.27938,25718.1472,22954.28301,20748.53098,18950.70837,17438.02037,16149.90549,15078.19759
0.014,177549.6664,97001.80916,66093.10603,50227.68371,40521.37763,33938.33539,29251.43263,25719.96525,22955.81453,20749.81419,18951.77298,17438.8871,16150.59153,15078.72305
0.015,177564.1131,97007.8345,66098.18471,50231.68669,40524.64633,33941.08724,29253.7488,25721.92074,22957.46171,20751.19416,18952.91768,17439.81884,16151.32879,15079.28745
0.016,177579.5728,97014.27961,66103.61905,50235.97022,40528.14417,33944.03202,29256.22727,25724.01315,22959.22406,20752.67044,18954.14207,17440.81521,16152.11691,15079.89049
0.017,177596.0414,97021.14229,66109.40756,50240.53317,40531.87025,33947.16897,29258.86739,25726.24189,22961.10107,20754.24256,18955.44571,17441.8758,16152.95552,15080.5318
0.018,177613.5148,97028.42017,66115.54866,50245.37433,40535.82359,33950.49728,29261.66846,25728.60634,22963.09218,20755.91002,18956.82814,17443.0002,16153.84423,15081.211
0.019,177631.9883,97036.11072,66122.04064,50250.49243,40540.00316,33954.01608,29264.62972,25731.10584,22965.1968,20757.67228,18958.28888,17444.18793,16154.78259,15081.92771
0.02,177651.4572,97044.21125,66128.88172,50255.8861,40544.40786,33957.72446,29267.75039,25733.7397,22967.4143,20759.52876,18959.82738,17445.43852,16155.77017,15082.68147
0.021,177671.9163,97052.71894,66136.06997,50261.55389,40549.03653,33961.62143,29271.02962,25736.50716,22969.74401,20761.47887,18961.44311,17446.75144,16156.80648,15083.47186
0.022,177693.3603,97061.63076,66143.60339,50267.49427,40553.88792,33965.70597,29274.46652,25739.40745,22972.18522,20763.52196,18963.13546,17448.12616,16157.89101,15084.29839
0.023,177715.7835,97070.94356,66151.47984,50273.70564,40558.96076,33969.97698,29278.06016,25742.43974,22974.73721,20765.65735,18964.90382,17449.5621,16159.02322,15085.16055
0.024,177739.1799,97080.65401,66159.6971,50280.18629,40564.25366,33974.43334,29281.80954,25745.60315,22977.39918,20767.88435,18966.74753,17451.05866,16160.20256,15086.05782
0.025,177763.5432,97090.75861,66168.25281,50286.93445,40569.7652,33979.07382,29285.71362,25748.89676,22980.17032,20770.20219,18968.66592,17452.6152,16161.42843,15086.98965
0.026,177788.8668,97101.25369,66177.1445,50293.94825,40575.49386,33983.89718,29289.77133,25752.31963,22983.04976,20772.61011,18970.65827,17454.23106,16162.70022,15087.95545
0.027,177815.1438,97112.13542,66186.36959,50301.22574,40581.43808,33988.90209,29293.98151,25755.87074,22986.03661,20775.10729,18972.72382,17455.90555,16164.01728,15088.95461
0.028,177842.3671,97123.3998,66195.92541,50308.76486,40587.5962,33994.08717,29298.34299,25759.54905,22989.12993,20777.69286,18974.8618,17457.63794,16165.37893,15089.9865
0.029,177870.529,97135.04263,66205.80911,50316.56349,40593.96651,33999.45099,29302.85451,25763.35345,22992.32873,20780.36595,18977.07138,17459.42747,16166.78447,15091.05047
0.03,177899.6218,97147.05956,66216.01778,50324.61941,40600.5472,34004.99205,29307.51478,25767.28281,22995.63198,20783.12561,18979.35171,17461.27336,16168.23316,15092.14581
0.031,177929.6372,97159.44605,66226.54835,50332.93029,40607.33643,34010.70877,29312.32244,25771.33594,22999.03864,20785.97089,18981.7019,17463.17477,16169.72423,15093.27181
0.032,177960.5668,97172.19738,66237.39764,50341.49372,40614.33222,34016.59953,29317.2761,25775.51159,23002.54757,20788.90077,18984.12102,17465.13087,16171.2569,15094.42772
0.033,177992.4016,97185.30863,66248.56235,50350.30719,40621.53258,34022.66264,29322.3743,25779.80848,23006.15764,20791.91421,18986.60813,17467.14075,16172.83034,15095.61278
0.034,178025.1325,97198.77472,66260.03903,50359.3681,40628.93539,34028.89633,29327.6155,25784.22527,23009.86763,20795.01012,18989.16222,17469.20351,16174.44368,15096.82617
0.035,178058.7499,97212.59036,66271.82412,50368.67374,40636.53847,34035.29879,29332.99815,25788.76057,23013.67632,20798.18738,18991.78226,17471.31817,16176.09605,15098.06706
0.036,178093.244,97226.75005,66283.91393,50378.22131,40644.33957,34041.86812,29338.52059,25793.41295,23017.58241,20801.44481,18994.46717,17473.48376,16177.78651,15099.33459
0.037,178128.6044,97241.24814,66296.30463,50388.0079,40652.33634,34048.60236,29344.18115,25798.1809,23021.58457,20804.78121,18997.21585,17475.69925,16179.51411,15100.62786
0.038,178164.8205,97256.07874,66308.99223,50398.0305,40660.52636,34055.49947,29349.97807,25803.06289,23025.6814,20808.19531,19000.02714,17477.96358,16181.27788,15101.94595
0.039,178201.8814,97271.23578,66321.97264,50408.286,40668.9071,34062.55736,29355.90952,25808.05731,23029.87149,20811.68583,19002.89986,17480.27564,16183.07678,15103.2879
0.04,178239.7756,97286.71296,66335.24161,50418.77116,40677.47597,34069.77383,29361.97364,25813.16252,23034.15335,20815.25142,19005.83278,17482.6343,16184.90976,15104.65273
0.041,178278.4914,97302.50379,66348.79473,50429.48267,40686.23029,34077.14666,29368.16848,25818.37679,23038.52545,20818.8907,19008.82463,17485.0384,16186.77574,15106.03941
0.042,178318.0166,97318.60157,66362.62748,50440.41706,40695.16727,34084.67349,29374.49204,25823.69837,23042.98622,20822.60223,19011.87409,17487.48671,16188.67358,15107.44689
0.043,178358.3387,97334.99936,66376.73517,50451.57079,40704.28405,34092.35195,29380.94223,25829.12543,23047.53401,20826.38453,19014.97982,17489.978,16190.60214,15108.87409
0.044,178399.4446,97351.69003,66391.11295,50462.94017,40713.57766,34100.17954,29387.51693,25834.65608,23052.16714,20830.23608,19018.14041,17492.51097,16192.5602,15110.31988
0.045,178441.3209,97368.6662,66405.75583,50474.52143,40723.04505,34108.15371,29394.21393,25840.28838,23056.88389,20834.15531,19021.35443,17495.08429,16194.54655,15111.78312
0.046,178483.954,97385.92028,66420.65866,50486.31065,40732.68307,34116.27181,29401.03093,25846.02032,23061.68244,20838.14058,19024.62038,17497.6966,16196.5599,15113.2626
0.047,178527.3295,97403.44443,66435.81614,50498.30379,40742.48845,34124.53112,29407.96561,25851.84985,23066.56097,20842.19024,19027.93675,17500.34648,16198.59895,15114.75712
0.048,178571.4327,97421.2306,66451.22278,50510.49671,40752.45786,34132.92884,29415.01553,25857.77482,23071.51756,20846.30255,19031.30195,17503.03249,16200.66236,15116.26541
0.049,178616.2485,97439.27049,66466.87295,50522.88511,40762.58784,34141.46207,29422.17821,25863.79305,23076.55025,20850.47574,19034.71436,17505.75312,16202.74873,15117.78617
0.05,178661.7614,97457.55554,66482.76085,50535.4646,40772.87482,34150.12784,29429.45107,25869.90227,23081.65702,20854.70799,19038.17232,17508.50684,16204.85664,15119.31808
0.051,178707.9552,97476.07697,66498.88049,50548.23064,40783.31516,34158.92308,29436.83148,25876.10016,23086.83581,20858.99742,19041.67409,17511.29206,16206.98463,15120.85976
0.052,178754.8136,97494.82574,66515.22574,50561.17854,40793.90508,34167.84464,29444.31671,25882.38432,23092.08446,20863.34209,19045.21793,17514.10717,16209.13118,15122.4098
0.053,178802.3195,97513.79254,66531.79025,50574.30351,40804.64071,34176.88926,29451.90395,25888.7523,23097.40078,20867.74001,19048.802,17516.95048,16211.29475,15123.96676
0.054,178850.4554,97532.96783,66548.56753,50587.60059,40815.51806,34186.05361,29459.59035,25895.20156,23102.78252,20872.18914,19052.42445,17519.82028,16213.47375,15125.52916
0.055,178899.2033,97552.34178,66565.55089,50601.06472,40826.53302,34195.33426,29467.37292,25901.72949,23108.22734,20876.68739,19056.08335,17522.71481,16215.66654,15127.09547
0.056,178948.5449,97571.90431,66582.73345,50614.69066,40837.68139,34204.72766,29475.24863,25908.33343,23113.73286,20881.23258,19059.77673,17525.63225,16217.87146,15128.66413
0.057,178998.4612,97591.64508,66600.10814,50628.47305,40848.95882,34214.23021,29483.21436,25915.01062,23119.29663,20885.82252,19063.50258,17528.57075,16220.08677,15130.23353
0.058,179048.9325,97611.55345,66617.66773,50642.40637,40860.36089,34223.83817,29491.26689,25921.75824,23124.91613,20890.45492,19067.25882,17531.52839,16222.31071,15131.80203
0.059,179099.9391,97631.61851,66635.40475,50656.48496,40871.88301,34233.54772,29499.40293,25928.5734,23130.58877,20895.12744,19071.04331,17534.50322,16224.54147,15133.36794
0.06,179151.4602,97651.82909,66653.31157,50670.70302,40883.5205,34243.35492,29507.61909,25935.45312,23136.31191,20899.8377,19074.85388,17537.49323,16226.7772,15134.92954
0.061,179203.4748,97672.1737,66671.38035,50685.05457,40895.26855,34253.25576,29515.91189,25942.39435,23142.08281,20904.58324,19078.68828,17540.49637,16229.016,15136.48505
0.062,179255.9613,97692.6406,66689.60303,50699.5335,40907.12221,34263.24609,29524.27779,25949.39395,23147.8987,20909.36154,19082.54421,17543.51052,16231.25592,15138.03266
0.063,179308.8975,97713.21774,66707.97138,50714.13354,40919.07644,34273.32167,29532.71313,25956.44873,23153.75672,20914.17001,19086.41933,17546.53353,16233.49497,15139.57051
0.064,179362.2606,97733.89277,66726.47694,50728.84826,40931.12604,34283.47817,29541.21415,25963.55539,23159.65392,20919.00602,19090.31122,17549.56319,16235.73109,15141.09671
0.065,179416.0274,97754.65305,66745.11103,50743.67106,40943.26569,34293.71112,29549.77703,25970.71055,23165.58731,20923.86686,19094.21742,17552.59722,16237.96221,15142.60931
0.066,179470.174,97775.48565,66763.86481,50758.5952,40955.48994,34304.01596,29558.39782,25977.91078,23171.55381,20928.74974,19098.1354,17555.63333,16240.18619,15144.10633
0.067,179524.6759,97796.37733,66782.72916,50773.61376,40967.79322,34314.38802,29567.07252,25985.15254,23177.55028,20933.65184,19102.06258,17558.66912,16242.40084,15145.58573
0.068,179579.5081,97817.31453,66801.6948,50788.71967,40980.16981,34324.8225,29575.79699,25992.4322,23183.57348,20938.57025,19105.99631,17561.7022,16244.60393,15147.04544
0.069,179634.6449,97838.28342,66820.75221,50803.90567,40992.61386,34335.31452,29584.56702,25999.74606,23189.62014,20943.502,19109.93389,17564.73006,16246.79317,15148.48333
0.07,179690.0602,97859.26984,66839.89165,50819.16437,41005.11939,34345.85907,29593.37829,26007.09034,23195.68687,20948.44405,19113.87255,17567.75019,16248.96624,15149.89725
0.071,179745.7272,97880.25931,66859.10318,50834.48818,41017.6803,34356.45101,29602.2264,26014.46118,23201.77023,20953.3933,19117.80948,17570.76,16251.12074,15151.28498
0.072,179801.6183,97901.23707,66878.37662,50849.86936,41030.29031,34367.08512,29611.10684,26021.8546,23207.8667,20958.34658,19121.74179,17573.75685,16253.25426,15152.64427
0.073,179857.7058,97922.18804,66897.70157,50865.29999,41042.94306,34377.75604,29620.01499,26029.26658,23213.97268,20963.30065,19125.66654,17576.73805,16255.36431,15153.97282
0.074,179913.9608,97943.09681,66917.06743,50880.772,41055.63201,34388.45831,29628.94615,26036.69298,23220.08451,20968.2522,19129.58072,17579.70085,16257.44836,15155.26828
0.075,179970.3543,97963.9477,66936.46337,50896.27714,41068.3505,34399.18633,29637.89553,26044.12959,23226.19844,20973.19788,19133.48128,17582.64244,16259.50384,15156.52826
0.076,180026.8565,97984.72467,66955.87833,50911.80698,41081.09175,34409.93444,29646.85821,26051.57211,23232.31064,20978.13423,19137.36508,17585.55997,16261.52812,15157.75034
0.077,180083.4369,98005.41142,66975.30103,50927.35293,41093.84879,34420.6968,29655.8292,26059.01617,23238.41721,20983.05774,19141.22894,17588.45054,16263.51853,15158.93203
0.078,180140.0645,98025.99133,66994.71999,50942.90624,41106.61458,34431.46749,29664.8034,26066.45728,23244.51419,20987.96486,19145.06963,17591.31117,16265.47234,15160.07082
0.079,180196.7078,98046.44745,67014.1235,50958.45799,41119.3819,34442.24049,29673.77562,26073.8909,23250.59753,20992.85194,19148.88384,17594.13886,16267.38678,15161.16414
0.08,180253.3346,98066.76256,67033.49962,50973.99907,41132.14341,34453.00963,29682.74056,26081.31239,23256.66311,20997.71528,19152.6682,17596.93053,16269.25904,15162.20939
0.081,180309.912,98086.91913,67052.83621,50989.52024,41144.89164,34463.76865,29691.69284,26088.71702,23262.70673,21002.55111,19156.41931,17599.68307,16271.08625,15163.20391
0.082,180366.4068,98106.89933,67072.12092,51005.01207,41157.61897,34474.51119,29700.62697,26096.1,23268.72413,21007.35559,19160.13369,17602.3933,16272.86551,15164.14502
0.083,180422.7849,98126.68505,67091.34118,51020.46499,41170.31768,34485.23075,29709.53738,26103.45644,23274.71097,21012.12483,19163.8078,17605.05799,16274.59385,15165.02999
0.084,180479.012,98146.25788,67110.48421,51035.86924,41182.97988,34495.92073,29718.41839,26110.78136,23280.66284,21016.85487,19167.43805,17607.67389,16276.26828,15165.85604
0.085,180535.0529,98165.59914,67129.53703,51051.21493,41195.59758,34506.57445,29727.26424,26118.06973,23286.57525,21021.54169,19171.02081,17610.23766,16277.88575,15166.62038
0.086,180590.872,98184.68986,67148.48645,51066.492,41208.16266,34517.18509,29736.06908,26125.31642,23292.44367,21026.18121,19174.55237,17612.74595,16279.44319,15167.32014
0.087,180646.4331,98203.51081,67167.3191,51081.69024,41220.66688,34527.74574,29744.82697,26132.51623,23298.26348,21030.76929,19178.029,17615.19533,16280.93745,15167.95245
0.088,180701.6996,98222.04249,67186.0214,51096.79929,41233.10185,34538.24939,29753.53188,26139.66387,23304.03,21035.30173,19181.44688,17617.58234,16282.36539,15168.51439
0.089,180756.6342,98240.26515,67204.57957,51111.80864,41245.45911,34548.68893,29762.17769,26146.75401,23309.73847,21039.77428,19184.80217,17619.90349,16283.72378,15169.003
0.09,180811.1992,98258.15877,67222.97967,51126.70764,41257.73003,34559.05715,29770.7582,26153.78121,23315.38411,21044.18262,19188.09098,17622.15522,16285.00939,15169.4153
0.091,180865.3564,98275.70311,67241.20757,51141.48551,41269.90591,34569.34673,29779.26715,26160.73998,23320.96202,21048.52239,19191.30935,17624.33394,16286.21893,15169.74826
0.092,180919.067,98292.87769,67259.24895,51156.13132,41281.97792,34579.55029,29787.69816,26167.62477,23326.4673,21052.78918,19194.4533,17626.43604,16287.3491,15169.99884
0.093,180972.2918,98309.66178,67277.08933,51170.63402,41293.93711,34589.66033,29796.04482,26174.42994,23331.89494,21056.97852,19197.51878,17628.45783,16288.39654,15170.16394
0.094,181024.9913,98326.03448,67294.71408,51184.98241,41305.77447,34599.66929,29804.3006,26181.14981,23337.23993,21061.08591,19200.50174,17630.39562,16289.35786,15170.24048
0.095,181077.1253,98341.97462,67312.10839,51199.1652,41317.48085,34609.5695,29812.45894,26187.77862,23342.49715,21065.10677,19203.39804,17632.24567,16290.22967,15170.2253
0.096,181128.6533,98357.4609,67329.25731,51213.17096,41329.04702,34619.35323,29820.51318,26194.31057,23347.66146,21069.03652,19206.20354,17634.00421,16291.00853,15170.11526
0.097,181179.5345,98372.47178,67346.14575,51226.98816,41340.46366,34629.01267,29828.45661,26200.73978,23352.72769,21072.8705,19208.91404,17635.66744,16291.69095,15169.90716
0.098,181229.7276,98386.98557,67362.75846,51240.60515,41351.72135,34638.53993,29836.28247,26207.06035,23357.69058,21076.60403,19211.52533,17637.23152,16292.27346,15169.59782
0.099,181279.191,98400.9804,67379.08009,51254.01019,41362.81061,34647.92705,29843.98392,26213.2663,23362.54486,21080.23239,19214.03314,17638.6926,16292.75254,15169.18399
0.1,181327.8825,98414.43425,67395.09515,51267.19145,41373.72187,34657.16601,29851.55407,26219.35162,23367.28521,21083.75083,19216.43318,17640.0468,16293.12466,15168.66246
0.101,181375.76,98427.32498,67410.78804,51280.13698,41384.44548,34666.24872,29858.98598,26225.31024,23371.90627,21087.15456,19218.72116,17641.2902,16293.38625,15168.02995
0.102,181422.7809,98439.63029,67426.14306,51292.83479,41394.97173,34675.16706,29866.27267,26231.13607,23376.40265,21090.43877,19220.89273,17642.41888,16293.53376,15167.2832
0.103,181468.9022,98451.32778,67441.1444,51305.27279,41405.29085,34683.91282,29873.4071,26236.82297,23380.76892,21093.59861,19222.94352,17643.4289,16293.5636,15166.41894
0.104,181514.0808,98462.39494,67455.77616,51317.43881,41415.39302,34692.47777,29880.3822,26242.36476,23384.99963,21096.62921,19224.86917,17644.31629,16293.47216,15165.43386
0.105,181558.2734,98472.80917,67470.02239,51329.32063,41425.26834,34700.85362,29887.19087,26247.75524,23389.0893,21099.52569,19226.66527,17645.07709,16293.25585,15164.32469
0.106,181601.4364,98482.54782,67483.86704,51340.90598,41434.90689,34709.03205,29893.82595,26252.98818,23393.03244,21102.28314,19228.32743,17645.70731,16292.91104,15163.0881
0.107,181643.526,98491.58815,67497.29401,51352.18255,41444.29872,34717.00471,29900.2803,26258.05734,23396.82352,21104.89665,19229.85121,17646.20295,16292.43412,15161.72081
0.108,181684.4984,98499.90738,67510.28715,51363.13795,41453.43381,34724.76321,29906.54671,26262.95644,23400.45701,21107.36128,19231.23218,17646.56002,16291.82146,15160.21951
0.109,181724.3097,98507.48273,67522.83028,51373.75981,41462.30215,34732.29916,29912.61797,26267.6792,23403.92738,21109.67211,19232.46593,17646.77452,16291.06946,15158.5809
0.11,181762.9156,98514.29137,67534.9072,51384.0357,41470.89368,34739.60411,29918.48688,26272.21933,23407.22907,21111.82417,19233.548,17646.84246,16290.17447,15156.80168
0.111,181800.2721,98520.31051,67546.50167,51393.95318,41479.19837,34746.66966,29924.14619,26276.57051,23410.35652,21113.81254,19234.47398,17646.75983,16289.1329,15154.87856
0.112,181836.3349,98525.51735,67557.59746,51403.49984,41487.20614,34753.48736,29929.58867,26280.72646,23413.30419,21115.63228,19235.23942,17646.52266,16287.94114,15152.80827
0.113,181871.06,98529.88917,67568.17836,51412.66322,41494.90693,34760.04877,29934.8071,26284.68088,23416.06653,21117.27844,19235.83992,17646.12695,16286.5956,15150.58755
0.114,181904.4033,98533.40328,67578.22817,51421.43092,41502.29071,34766.34548,29939.79425,26288.42748,23418.63801,21118.74612,19236.27106,17645.56876,16285.0927,15148.21314
0.115,181936.3206,98536.03707,67587.73073,51429.79054,41509.34743,34772.36907,29944.54292,26291.95999,23421.01309,21120.03041,19236.52846,17644.84413,16283.42889,15145.68182
0.116,181966.7682,98537.76805,67596.66992,51437.72973,41516.06711,34778.11116,29949.04593,26295.27216,23423.18629,21121.12641,19236.60774,17643.94914,16281.60061,15142.99038
0.117,181995.7022,98538.57383,67605.0297,51445.23615,41522.43977,34783.56338,29953.29611,26298.35775,23425.15212,21122.02927,19236.50456,17642.87989,16279.60437,15140.13565
0.118,182023.079,98538.43218,67612.7941,51452.29758,41528.4555,34788.71743,29957.28634,26301.21057,23426.90513,21122.73416,19236.21459,17641.6325,16277.43668,15137.11446
0.119,182048.8554,98537.32101,67619.94723,51458.90179,41534.10442,34793.56501,29961.00953,26303.82445,23428.43991,21123.23626,19235.73356,17640.20313,16275.09409,15133.92371
0.12,182072.9883,98535.21842,67626.47332,51465.0367,41539.37673,34798.09791,29964.45864,26306.19329,23429.75108,21123.53083,19235.05722,17638.58798,16272.57317,15130.56029
0.121,182095.4349,98532.10273,67632.35673,51470.69029,41544.26271,34802.30798,29967.62668,26308.311,23430.83332,21123.61314,19234.18134,17636.78328,16269.87055,15127.02118
0.122,182116.1529,98527.95248,67637.58194,51475.85062,41548.7527,34806.1871,29970.50674,26310.17158,23431.68134,21123.47852,19233.10178,17634.7853,16266.9829,15123.30335
0.123,182135.1002,98522.74645,67642.13361,51480.5059,41552.83714,34809.72728,29973.09194,26311.76906,23432.28992,21123.12234,19231.81441,17632.59038,16263.90692,15119.40385
0.124,182152.2354,98516.46372,67645.99655,51484.64446,41556.50659,34812.92057,29975.37551,26313.09756,23432.65389,21122.54004,19230.31519,17630.19489,16260.63938,15115.31978
0.125,182167.5173,98509.08365,67649.15576,51488.25477,41559.7517,34815.75914,29977.35074,26314.15126,23432.76817,21121.72712,19228.6001,17627.59527,16257.17709,15111.04827
0.126,182180.9056,98500.58595,67651.59647,51491.32545,41562.56325,34818.23526,29979.01102,26314.92443,23432.62774,21120.67916,19226.66521,17624.788,16253.51692,15106.58651
0.127,182192.3603,98490.95064,67653.3041,51493.84528,41564.93217,34820.34131,29980.34984,26315.41143,23432.22764,21119.39179,19224.50665,17621.76965,16249.65582,15101.93177
0.128,182201.8421,98480.15815,67654.26433,51495.80324,41566.84951,34822.06979,29981.3608,26315.60669,23431.56303,21117.86073,19222.12064,17618.53686,16245.59077,15097.08137
0.129,182209.3124,98468.18929,67654.46311,51497.18849,41568.30649,34823.41332,29982.03758,26315.50478,23430.62913,21116.08178,19219.50345,17615.08631,16241.31885,15092.0327
0.13,182214.7334,98455.02532,67653.88663,51497.99041,41569.29451,34824.36469,29982.37403,26315.10033,23429.42129,21114.05085,19216.65145,17611.4148,16236.83722,15086.78321
0.131,182218.068,98440.6479,67652.5214,51498.19858,41569.80512,34824.91681,29982.36409,26314.38814,23427.93493,21111.76391,19213.56111,17607.51919,16232.14308,15081.33044
0.132,182219.2799,98425.03922,67650.35425,51497.80284,41569.83007,34825.06277,29982.00186,26313.36307,23426.16561,21109.21706,19210.22896,17603.39642,16227.23376,15075.672
0.133,182218.3337,98408.18194,67647.37231,51496.79326,41569.36133,34824.79579,29981.28158,26312.02017,23424.10898,21106.40649,19206.65166,17599.04355,16222.10663,15069.80557
0.134,182215.1949,98390.05925,67643.56308,51495.16018,41568.39104,34824.10932,29980.19762,26310.35457,23421.76083,21103.32851,19202.82596,17594.45772,16216.75919,15063.72895
0.135,182209.8301,98370.65488,67638.91441,51492.89422,41566.91161,34822.99695,29978.74456,26308.36159,23419.11707,21099.97955,19198.74872,17589.63615,16211.189,15057.43999
0.136,182202.2069,98349.95317,67633.41455,51489.98628,41564.91565,34821.45249,29976.9171,26306.03667,23416.17374,21096.35614,19194.4169,17584.57619,16205.39375,15050.93666
0.137,182192.2937,98327.93901,67627.05214,51486.42757,41562.39602,34819.46995,29974.71015,26303.3754,23412.92703,21092.45496,19189.8276,17579.27531,16199.3712,15044.21702
0.138,182180.0603,98304.59793,67619.81624,51482.20961,41559.34583,34817.04354,29972.11877,26300.37356,23409.37327,21088.27282,19184.97802,17573.73105,16193.11925,15037.2792
0.139,182165.4776,98279.91613,67611.69632,51477.32424,41555.75848,34814.16771,29969.13824,26297.02708,23405.50895,21083.80665,19179.86551,17567.94111,16186.63587,15030.12148
0.14,182148.5176,98253.88044,67602.68233,51471.76367,41551.62761,34810.83713,29965.76404,26293.33207,23401.33069,21079.05355,19174.48751,17561.90329,16179.91918,15022.74222
0.141,182129.1537,98226.4784,67592.76468,51465.52042,41546.94716,34807.0467,29961.99183,26289.28481,23396.8353,21074.01074,19168.84165,17555.61551,16172.96739,15015.13987
0.142,182107.3604,98197.69826,67581.93425,51458.58742,41541.71137,34802.79158,29957.81749,26284.88178,23392.01976,21068.6756,19162.92565,17549.07583,16165.77883,15007.31304
0.143,182083.1136,98167.52898,67570.18241,51450.95794,41535.91477,34798.06718,29953.23715,26280.11966,23386.88118,21063.04568,19156.73741,17542.28244,16158.35197,14999.26041
0.144,182056.3908,98135.9603,67557.50106,51442.62565,41529.55222,34792.86916,29948.24712,26274.9953,23381.41691,21057.11867,19150.27494,17535.23365,16150.68539,14990.98079
0.145,182027.1704,98102.98272,67543.88261,51433.58462,41522.61888,34787.19348,29942.84398,26269.50579,23375.62443,21050.89244,19143.53642,17527.92793,16142.7778,14982.47313
0.146,181995.4327,98068.58749,67529.32,51423.82933,41515.11024,34781.03633,29937.02451,26263.64839,23369.50142,21044.36502,19136.5202,17520.36389,16134.62804,14973.73647
0.147,181961.1594,98032.76671,67513.80673,51413.35466,41507.02215,34774.39421,29930.78577,26257.42061,23363.04577,21037.5346,19129.22476,17512.54025,16126.2351,14964.76998
0.148,181924.3334,97995.51328,67497.33685,51402.15593,41498.35078,34767.26391,29924.12503,26250.82015,23356.25555,21030.39958,19121.64874,17504.45593,16117.59808,14955.57298
0.149,181884.9394,97956.82091,67479.905,51390.2289,41489.09265,34759.6425,29917.03985,26243.84495,23349.12901,21022.95851,19113.79097,17496.10994,16108.71623,14946.1449
0.15,181842.9637,97916.68419,67461.50636,51377.56975,41479.24465,34751.52735,29909.52802,26236.49315,23341.66463,21015.21011,19105.6504,17487.5015,16099.58893,14936.48529
0.151,181798.394,97875.09853,67442.13674,51364.17512,41468.80402,34742.91614,29901.58761,26228.76316,23333.86107,21007.15333,19097.22619,17478.62993,16090.21572,14926.59385
0.152,181751.2197,97832.06023,67421.79251,51350.04211,41457.76838,34733.80685,29893.21692,26220.65358,23325.71722,20998.78725,19088.51765,17469.49474,16080.59626,14916.47039
0.153,181701.4319,97787.56645,67400.47069,51335.16826,41446.13569,34724.19778,29884.41457,26212.16327,23317.23216,20990.11117,19079.52426,17460.09558,16070.73036,14906.11488
0.154,181649.0231,97741.61524,67378.16885,51319.5516,41433.90433,34714.08752,29875.17941,26203.29133,23308.40518,20981.12458,19070.24566,17450.43226,16060.61799,14895.5274
0.155,181593.9878,97694.20553,67354.88523,51303.19061,41421.07302,34703.47502,29865.51057,26194.03706,23299.2358,20971.82715,19060.68169,17440.50475,16050.25924,14884.70816
0.156,181536.3218,97645.33713,67330.61865,51286.08425,41407.64089,34692.35951,29855.40746,26184.40006,23289.72374,20962.21875,19050.83235,17430.31318,16039.65436,14873.65754
0.157,181476.023,97595.01077,67305.36857,51268.23194,41393.60742,34680.74055,29844.86977,26174.38012,23279.86892,20952.29943,19040.69781,17419.85783,16028.80375,14862.37601
0.158,181413.0906,97543.22807,67279.13507,51249.63359,41378.97249,34668.61804,29833.89746,26163.9773,23269.67151,20942.06945,19030.27842,17409.13914,16017.70793,14850.86421
0.159,181347.5256,97489.99151,67251.91884,51230.28958,41363.73639,34655.99217,29822.49077,26153.1919,23259.13187,20931.52924,19019.5747,17398.15773,16006.36759,14839.12288
0.16,181279.3308,97435.30451,67223.72121,51210.20078,41347.89975,34642.86349,29810.6502,26142.02445,23248.25058,20920.67945,19008.58734,17386.91434,15994.78357,14827.15293
0.161,181208.5106,97379.17135,67194.54414,51189.36851,41331.46361,34629.23283,29798.37656,26130.47572,23237.02843,20909.52089,18997.31723,17375.40991,15982.95682,14814.95536
0.162,181135.0711,97321.59721,67164.39017,51167.79457,41314.42939,34615.10138,29785.67091,26118.54675,23225.46643,20898.05459,18985.76539,17363.6455,15970.88847,14802.53134
0.163,181059.0199,97262.58813,67133.26251,51145.48125,41296.79888,34600.47063,29772.53459,26106.23878,23213.56581,20886.28176,18973.93304,17351.62234,15958.57977,14789.88216
0.164,180980.3667,97202.15104,67101.16494,51122.43129,41278.57427,34585.34238,29758.96921,26093.55333,23201.32799,20874.20379,18961.82157,17339.34182,15946.03211,14777.00921
0.165,180899.1223,97140.29373,67068.10186,51098.6479,41259.75809,34569.71875,29744.97666,26080.49211,23188.7546,20861.82227,18949.43252,17326.80547,15933.24703,14763.91404
0.166,180815.2995,97077.02483,67034.07827,51074.13474,41240.35328,34553.60219,29730.55908,26067.05709,23175.84751,20849.13895,18936.76762,17314.01498,15920.2262,14750.59832
0.167,180728.9126,97012.35381,66999.09978,51048.89593,41220.36312,34536.99542,29715.71889,26053.25047,23162.60874,20836.15579,18923.82874,17300.97218,15906.97141,14737.06382
0.168,180639.9774,96946.29097,66963.17254,51022.93604,41199.79126,34519.9015,29700.45876,26039.07467,23149.04055,20822.87491,18910.61791,17287.67906,15893.48461,14723.31245
0.169,180548.5113,96878.84742,66926.30332,50996.26007,41178.6417,34502.32376,29684.78163,26024.53234,23135.14539,20809.29861,18897.13734,17274.13772,15879.76785,14709.34625
0.17,180454.5334,96810.03506,66888.49943,50968.87347,41156.91879,34484.26584,29668.69066,26009.62634,23120.92589,20795.42937,18883.38939,17260.35044,15865.82333,14695.16733
0.171,180358.0641,96739.86657,66849.76873,50940.78209,41134.62723,34465.73166,29652.18928,25994.35975,23106.38488,20781.26983,18869.37654,17246.3196,15851.65336,14680.77796
0.172,180259.1254,96668.35539,66810.11964,50911.9922,41111.77205,34446.72541,29635.28116,25978.73585,23091.52536,20766.82278,18855.10145,17232.04773,15837.26037,14666.18049
0.173,180157.7405,96595.5157,66769.56108,50882.51049,41088.35861,34427.25158,29617.97021,25962.75814,23076.35054,20752.09121,18840.56692,17217.5375,15822.64691,14651.37738
0.174,180053.9344,96521.36239,66728.1025,50852.34402,41064.39258,34407.3149,29600.26054,25946.43031,23060.86377,20737.07822,18825.77587,17202.79168,15807.81565,14636.37121
0.175,179947.733,96445.91104,66685.75385,50821.50026,41039.87995,34386.92039,29582.15652,25929.75624,23045.0686,20721.7871,18810.73137,17187.81317,15792.76935,14621.16463
0.176,179839.1639,96369.17793,66642.52556,50789.98702,41014.827,34366.07329,29563.66271,25912.74002,23028.96872,20706.22126,18795.43663,17172.60501,15777.51088,14605.76041
0.177,179728.2559,96291.17995,66598.42852,50757.8125,40989.24031,34344.7791,29544.78389,25895.38589,23012.568,20690.38425,18779.89497,17157.17031,15762.04323,14590.16139
0.178,179615.0387,96211.93466,66553.4741,50724.98523,40963.12674,34323.04355,29525.52504,25877.69827,22995.87046,20674.27979,18764.10982,17141.51233,15746.36947,14574.37053
0.179,179499.5438,96131.46018,66507.67406,50691.51407,40936.49342,34300.87262,29505.89134,25859.68179,22978.88026,20657.91169,18748.08476,17125.63441,15730.49277,14558.39083
0.18,179381.8032,96049.77524,66461.04062,50657.40821,40909.34774,34278.27247,29485.88813,25841.34119,22961.60169,20641.28391,18731.82346,17109.54,15714.41639,14542.2254
0.181,179261.8504,95966.89908,66413.58638,50622.67715,40881.69733,34255.2495,29465.52097,25822.68138,22944.03921,20624.40052,18715.3297,17093.23263,15698.14365,14525.87742
0.182,179139.7199,95882.8515,66365.32432,50587.33068,40853.55007,34231.8103,29444.79556,25803.70744,22926.19739,20607.26571,18698.60736,17076.71593,15681.67799,14509.35014
0.183,179015.4471,95797.65277,66316.26779,50551.37887,40824.91406,34207.96163,29423.71777,25784.42457,22908.08091,20589.88376,18681.66041,17059.99362,15665.0229,14492.64688
0.184,178889.0683,95711.32362,66266.43047,50514.83205,40795.79763,34183.71047,29402.29363,25764.83809,22889.69459,20572.25909,18664.49293,17043.0695,15648.18195,14475.771
0.185,178760.6208,95623.88525,66215.82639,50477.7008,40766.20928,34159.06395,29380.52931,25744.95349,22871.04334,20554.39617,18647.10906,17025.94743,15631.15876,14458.72595
0.186,178630.1428,95535.35925,66164.46985,50439.99596,40736.15774,34134.02934,29358.43112,25724.77634,22852.13219,20536.2996,18629.51303,17008.63135,15613.95703,14441.51522
0.187,178497.6731,95445.76758,66112.37548,50401.72855,40705.6519,34108.6141,29336.0055,25704.31232,22832.96626,20517.97404,18611.70916,16991.12527,15596.58051,14424.14235
0.188,178363.2514,95355.13258,66059.55814,50362.90984,40674.70081,34082.8258,29313.259,25683.56725,22813.55076,20499.42424,18593.7018,16973.43324,15579.033,14406.61093
0.189,178226.918,95263.47691,66006.03295,50323.55125,40643.31368,34056.67215,29290.19829,25662.547,22793.89097,20480.65501,18575.49541,16955.55939,15561.31836,14388.92458
0.19,178088.7139,95170.82351,65951.81527,50283.66441,40611.49989,34030.161,29266.83014,25641.25756,22773.99226,20461.67124,18557.09447,16937.50789,15543.44047,14371.08696
0.191,177948.6806,95077.1956,65896.92064,50243.2611,40579.26892,34003.30028,29243.16142,25619.70498,22753.86007,20442.47788,18538.50353,16919.28294,15525.40327,14353.10178
0.192,177806.8601,94982.61666,65841.36482,50202.35324,40546.63037,33976.09804,29219.19908,25597.89541,22733.4999,20423.07991,18519.72718,16900.88881,15507.21071,14334.97276
0.193,177663.2951,94887.11036,65785.16373,50160.95289,40513.59397,33948.5624,29194.95014,25575.83504,22712.91731,20403.48239,18500.77005,16882.32977,15488.8668,14316.70365
0.194,177518.0284,94790.70056,65728.33342,50119.07224,40480.16953,33920.7016,29170.4217,25553.53013,22692.11789,20383.69039,18481.63681,16863.61014,15470.37555,14298.29822
0.195,177371.1035,94693.41128,65670.8901,50076.72355,40446.36695,33892.52391,29145.62092,25530.98697,22671.1073,20363.70906,18462.33216,16844.73427,15451.741,14279.76025
0.196,177222.5639,94595.2667,65612.85007,50033.9192,40412.1962,33864.03768,29120.55499,25508.21194,22649.89122,20343.54354,18442.86083,16825.70653,15432.96721,14261.09355
0.197,177072.4537,94496.29106,65554.22975,49990.67164,40377.66731,33835.25132,29095.23118,25485.2114,22628.47537,20323.19901,18423.22756,16806.53128,15414.05825,14242.30192
0.198,176920.8169,94396.50872,65495.04562,49946.99338,40342.79038,33806.17327,29069.65677,25461.99179,22606.86548,20302.68067,18403.4371,16787.21291,15395.01818,14223.38917
0.199,176767.698,94295.94409,65435.31423,49902.89696,40307.57552,33776.812,29043.83907,25438.55954,22585.06731,20281.99373,18383.49424,16767.75584,15375.85108,14204.35912
0.2,176613.1414,94194.62159,65375.05216,49858.39499,40272.03288,33747.17602,29017.78542,25414.92111,22563.08664,20261.14342,18363.40374,16748.16445,15356.56105,14185.21557
